frame, face_id, timestamp, confidence, success, pose_Tx, pose_Ty, pose_Tz, pose_Rx, pose_Ry, pose_Rz, AU01_r, AU02_r, AU04_r, AU05_r, AU06_r, AU07_r, AU09_r, AU10_r, AU12_r, AU14_r, AU15_r, AU17_r, AU20_r, AU23_r, AU25_r, AU26_r, AU45_r, AU01_c, AU02_c, AU04_c, AU05_c, AU06_c, AU07_c, AU09_c, AU10_c, AU12_c, AU14_c, AU15_c, AU17_c, AU20_c, AU23_c, AU25_c, AU26_c, AU28_c, AU45_c
1,  0,  0.000,  0.77,  1,  90.2,  -485.4,  2247.0,  0.629,  0.700,  -0.351, 0.12, 0.00, 0.00, 0.65, 0.00, 0.00, 0.00, 1.80, 0.07, 0.00, 0.64, 0.87, 0.00, 1.53, 0.00, 0.00, 0.00, 0.00, 0.00, 1.00, 0.00, 0.00, 0.00, 0.00, 0.00, 0.00, 0.00, 0.00, 0.00, 0.00, 0.00, 0.00, 0.00, 0.00, 0.00
2,  0,  0.042,  0.77,  1,  90.9,  -490.8,  2272.0,  0.641,  0.710,  -0.366, 0.19, 0.00, 0.00, 0.53, 0.00, 0.00, 0.00, 1.32, 0.30, 0.00, 0.42, 0.69, 0.00, 1.02, 0.37, 0.19, 0.00, 0.00, 0.00, 1.00, 0.00, 0.00, 0.00, 0.00, 0.00, 0.00, 0.00, 0.00, 0.00, 0.00, 0.00, 0.00, 0.00, 0.00, 0.00
3,  0,  0.083,  0.98,  1,  17.9,  -148.0,  1304.2,  0.360,  0.340,  -0.024, 0.15, 0.00, 0.00, 0.34, 0.00, 0.00, 0.00, 1.01, 0.44, 0.00, 0.21, 0.52, 0.00, 0.51, 0.73, 0.56, 0.00, 0.00, 0.00, 0.00, 0.00, 0.00, 0.00, 0.00, 1.00, 1.00, 1.00, 0.00, 0.00, 0.00, 0.00, 1.00, 0.00, 0.00, 0.00
4,  0,  0.125,  0.98,  1,  19.7,  -153.2,  1318.1,  0.313,  0.363,  0.000, 0.00, 0.06, 0.00, 0.15, 0.00, 0.00, 0.00, 0.93, 0.54, 0.00, 0.00, 0.23, 0.06, 0.00, 1.19, 0.90, 0.57, 0.00, 0.00, 0.00, 0.00, 0.00, 0.00, 0.00, 0.00, 0.00, 0.00, 0.00, 0.00, 0.00, 0.00, 1.00, 0.00, 0.00, 0.00
5,  0,  0.167,  0.98,  1,  22.0,  -159.4,  1339.1,  0.265,  0.398,  0.010, 0.00, 0.06, 0.00, 0.53, 0.00, 0.00, 0.00, 1.07, 0.57, 0.00, 0.00, 0.28, 0.20, 0.00, 1.18, 0.87, 1.13, 0.00, 0.00, 0.00, 0.00, 0.00, 0.00, 0.00, 0.00, 0.00, 0.00, 0.00, 0.00, 0.00, 0.00, 1.00, 0.00, 0.00, 1.00
6,  0,  0.209,  0.93,  1,  24.3,  -164.6,  1343.8,  0.238,  0.429,  0.009, 0.00, 0.06, 0.00, 0.66, 0.00, 0.00, 0.00, 1.13, 0.56, 0.00, 0.00, 0.61, 0.24, 0.00, 0.82, 0.51, 1.55, 0.00, 0.00, 0.00, 0.00, 0.00, 0.00, 0.00, 0.00, 0.00, 0.00, 0.00, 0.00, 0.00, 0.00, 1.00, 0.00, 0.00, 1.00
7,  0,  0.250,  0.93,  1,  26.6,  -168.9,  1346.5,  0.242,  0.453,  0.008, 0.00, 0.00, 0.00, 0.63, 0.00, 0.00, 0.00, 0.99, 0.46, 0.00, 0.00, 1.12, 0.18, 0.01, 0.36, 0.16, 1.33, 0.00, 0.00, 1.00, 0.00, 0.00, 0.00, 0.00, 0.00, 0.00, 0.00, 0.00, 1.00, 0.00, 0.00, 0.00, 0.00, 0.00, 1.00
8,  0,  0.292,  0.93,  1,  28.6,  -168.4,  1330.0,  0.257,  0.494,  0.004, 0.00, 0.00, 0.07, 0.22, 0.00, 0.00, 0.00, 0.90, 0.35, 0.00, 0.00, 1.65, 0.04, 0.18, 0.00, 0.15, 1.06, 0.00, 0.00, 1.00, 0.00, 0.00, 0.00, 0.00, 0.00, 0.00, 0.00, 0.00, 1.00, 0.00, 0.00, 0.00, 0.00, 0.00, 1.00
9,  0,  0.334,  0.93,  1,  30.0,  -165.5,  1316.0,  0.267,  0.540,  0.004, 0.00, 0.00, 0.14, 0.06, 0.00, 0.00, 0.00, 0.77, 0.21, 0.00, 0.00, 2.12, 0.01, 0.40, 0.00, 0.18, 0.81, 0.00, 0.00, 1.00, 0.00, 0.00, 0.00, 0.00, 0.00, 0.00, 0.00, 0.00, 1.00, 0.00, 0.00, 0.00, 0.00, 0.00, 1.00
10,  0,  0.375,  0.98,  1,  30.5,  -162.9,  1308.9,  0.251,  0.572,  0.012, 0.00, 0.00, 0.21, 0.00, 0.00, 0.00, 0.00, 0.76, 0.17, 0.01, 0.00, 2.31, 0.13, 0.53, 0.00, 0.18, 0.60, 0.00, 0.00, 1.00, 0.00, 0.00, 0.00, 0.00, 0.00, 0.00, 0.00, 0.00, 1.00, 0.00, 0.00, 0.00, 0.00, 0.00, 1.00
11,  0,  0.417,  0.98,  1,  26.5,  -160.8,  1312.4,  0.226,  0.600,  0.019, 0.02, 0.00, 0.20, 0.00, 0.00, 0.00, 0.00, 0.68, 0.19, 0.20, 0.07, 2.51, 0.15, 0.67, 0.00, 0.03, 0.34, 0.00, 0.00, 1.00, 0.00, 0.00, 0.00, 0.00, 0.00, 0.00, 1.00, 0.00, 1.00, 0.00, 0.00, 0.00, 0.00, 0.00, 1.00
12,  0,  0.459,  0.98,  1,  21.0,  -160.0,  1312.7,  0.217,  0.615,  0.024, 0.02, 0.00, 0.25, 0.00, 0.00, 0.00, 0.00, 0.67, 0.29, 0.24, 0.23, 2.38, 0.32, 0.86, 0.00, 0.00, 0.16, 0.00, 0.00, 1.00, 0.00, 0.00, 0.00, 0.00, 0.00, 0.00, 1.00, 0.00, 1.00, 0.00, 0.00, 0.00, 0.00, 0.00, 1.00
13,  0,  0.500,  0.98,  1,  14.8,  -157.9,  1313.5,  0.249,  0.611,  0.005, 0.02, 0.00, 0.23, 0.05, 0.00, 0.00, 0.00, 0.60, 0.36, 0.23, 0.32, 2.25, 0.31, 1.12, 0.00, 0.00, 0.02, 0.00, 0.00, 1.00, 0.00, 0.00, 0.00, 0.00, 0.00, 0.00, 1.00, 0.00, 1.00, 0.00, 0.00, 0.00, 0.00, 0.00, 1.00
14,  0,  0.542,  0.98,  1,  7.3,  -155.7,  1312.5,  0.272,  0.595,  -0.015, 0.06, 0.00, 0.24, 0.05, 0.00, 0.00, 0.00, 0.66, 0.33, 0.05, 0.51, 2.04, 0.29, 1.25, 0.00, 0.00, 0.00, 0.00, 0.00, 1.00, 0.00, 0.00, 0.00, 0.00, 0.00, 0.00, 1.00, 0.00, 1.00, 0.00, 0.00, 0.00, 0.00, 0.00, 1.00
15,  0,  0.584,  0.88,  1,  -1.5,  -153.5,  1306.7,  0.293,  0.587,  -0.042, 0.16, 0.00, 0.12, 0.05, 0.00, 0.00, 0.00, 0.62, 0.22, 0.00, 0.60, 1.86, 0.11, 1.18, 0.00, 0.00, 0.00, 0.00, 0.00, 1.00, 0.00, 0.00, 0.00, 0.00, 0.00, 0.00, 0.00, 0.00, 1.00, 0.00, 0.00, 0.00, 0.00, 0.00, 1.00
16,  0,  0.626,  0.88,  1,  -10.6,  -152.2,  1303.5,  0.308,  0.575,  -0.069, 0.23, 0.00, 0.07, 0.05, 0.00, 0.00, 0.00, 0.43, 0.11, 0.00, 0.66, 1.57, 0.00, 1.04, 0.00, 0.05, 0.00, 0.00, 0.00, 1.00, 0.00, 0.00, 0.00, 0.00, 0.00, 0.00, 0.00, 0.00, 0.00, 0.00, 0.00, 0.00, 0.00, 0.00, 1.00
17,  0,  0.667,  0.88,  1,  -19.9,  -151.3,  1301.1,  0.308,  0.574,  -0.096, 0.26, 0.00, 0.06, 0.05, 0.00, 0.00, 0.00, 0.17, 0.02, 0.00, 0.50, 1.19, 0.00, 0.89, 0.00, 0.06, 0.00, 0.00, 0.00, 1.00, 0.00, 0.00, 0.00, 0.00, 0.00, 0.00, 0.00, 0.00, 0.00, 0.00, 0.00, 0.00, 0.00, 0.00, 1.00
18,  0,  0.709,  0.88,  1,  -29.2,  -149.9,  1288.1,  0.308,  0.559,  -0.121, 0.17, 0.00, 0.06, 0.13, 0.00, 0.00, 0.00, 0.00, 0.00, 0.00, 0.30, 0.85, 0.00, 0.87, 0.00, 0.16, 0.00, 0.00, 0.00, 1.00, 0.00, 0.00, 0.00, 0.00, 0.00, 0.00, 0.00, 0.00, 0.00, 0.00, 0.00, 0.00, 0.00, 0.00, 1.00
19,  0,  0.751,  0.88,  1,  -38.5,  -149.5,  1282.2,  0.313,  0.537,  -0.141, 0.10, 0.00, 0.06, 0.15, 0.00, 0.00, 0.00, 0.01, 0.00, 0.04, 0.24, 0.70, 0.00, 1.04, 0.00, 0.23, 0.00, 0.00, 0.00, 1.00, 0.00, 0.00, 0.00, 0.00, 0.00, 0.00, 0.00, 0.00, 0.00, 0.00, 0.00, 0.00, 0.00, 0.00, 1.00
20,  0,  0.792,  0.82,  1,  -46.5,  -147.8,  1266.8,  0.307,  0.503,  -0.159, 0.18, 0.01, 0.01, 0.33, 0.00, 0.00, 0.00, 0.07, 0.10, 0.04, 0.39, 1.22, 0.00, 1.25, 0.00, 0.22, 0.00, 0.00, 0.00, 1.00, 0.00, 0.00, 0.00, 0.00, 0.00, 0.00, 0.00, 0.00, 0.00, 0.00, 0.00, 0.00, 0.00, 0.00, 1.00
21,  0,  0.834,  0.88,  1,  -68.0,  -153.5,  1319.2,  0.294,  0.568,  -0.091, 0.30, 0.01, 0.00, 0.26, 0.00, 0.00, 0.00, 0.13, 0.15, 0.06, 0.48, 1.55, 0.00, 1.26, 0.00, 0.13, 0.00, 0.00, 0.00, 1.00, 0.00, 0.00, 0.00, 0.00, 0.00, 0.00, 0.00, 0.00, 1.00, 0.00, 0.00, 0.00, 0.00, 0.00, 1.00
22,  0,  0.876,  0.88,  1,  -76.5,  -152.2,  1307.6,  0.307,  0.542,  -0.108, 0.50, 0.01, 0.00, 0.25, 0.00, 0.00, 0.03, 0.12, 0.15, 0.04, 0.50, 1.83, 0.00, 1.04, 0.00, 0.14, 0.00, 0.00, 0.00, 1.00, 0.00, 0.00, 0.00, 0.00, 0.00, 0.00, 0.00, 0.00, 1.00, 0.00, 0.00, 0.00, 0.00, 0.00, 1.00
23,  0,  0.918,  0.88,  1,  -85.5,  -150.6,  1293.5,  0.322,  0.516,  -0.131, 0.46, 0.00, 0.03, 0.08, 0.00, 0.00, 0.08, 0.11, 0.05, 0.18, 0.24, 1.52, 0.00, 0.72, 0.00, 0.26, 0.00, 0.00, 0.00, 1.00, 0.00, 0.00, 0.00, 0.00, 0.00, 0.00, 0.00, 0.00, 1.00, 0.00, 0.00, 0.00, 0.00, 0.00, 0.00
24,  0,  0.959,  0.88,  1,  -94.5,  -148.6,  1278.5,  0.320,  0.512,  -0.141, 0.42, 0.00, 0.15, 0.08, 0.03, 0.00, 0.17, 0.11, 0.00, 0.22, 0.19, 1.45, 0.00, 0.55, 0.00, 0.64, 0.00, 0.00, 0.00, 1.00, 0.00, 0.00, 0.00, 0.00, 0.00, 0.00, 0.00, 0.00, 1.00, 0.00, 0.00, 0.00, 0.00, 0.00, 1.00
25,  0,  1.001,  0.88,  1,  -103.5,  -146.9,  1268.0,  0.320,  0.509,  -0.150, 0.30, 0.00, 0.24, 0.00, 0.03, 0.00, 0.27, 0.11, 0.00, 0.28, 0.09, 1.50, 0.00, 0.50, 0.00, 0.82, 0.00, 0.00, 0.00, 1.00, 0.00, 0.00, 0.00, 0.00, 0.00, 0.00, 0.00, 0.00, 1.00, 0.00, 0.00, 0.00, 0.00, 0.00, 1.00
26,  0,  1.043,  0.88,  1,  -111.9,  -144.3,  1256.2,  0.318,  0.522,  -0.157, 0.32, 0.00, 0.28, 0.04, 0.03, 0.00, 0.31, 0.06, 0.00, 0.13, 0.09, 1.46, 0.00, 0.33, 0.00, 1.24, 0.00, 0.00, 0.00, 1.00, 0.00, 0.00, 0.00, 0.00, 0.00, 0.00, 0.00, 0.00, 1.00, 0.00, 0.00, 0.00, 0.00, 0.00, 1.00
27,  0,  1.084,  0.98,  1,  -119.6,  -143.5,  1247.8,  0.319,  0.549,  -0.154, 0.28, 0.00, 0.38, 0.12, 0.00, 0.00, 0.25, 0.00, 0.00, 0.10, 0.01, 1.51, 0.00, 0.19, 0.00, 1.27, 0.00, 0.00, 0.00, 1.00, 0.00, 0.00, 0.00, 0.00, 0.00, 0.00, 0.00, 0.00, 1.00, 0.00, 0.00, 0.00, 0.00, 0.00, 1.00
28,  0,  1.126,  0.98,  1,  -126.2,  -143.6,  1242.0,  0.300,  0.557,  -0.147, 0.19, 0.00, 0.51, 0.34, 0.00, 0.00, 0.15, 0.13, 0.00, 0.17, 0.30, 1.92, 0.00, 0.07, 0.00, 1.71, 0.00, 0.00, 0.00, 1.00, 0.00, 0.00, 0.00, 0.00, 0.00, 0.00, 0.00, 0.00, 1.00, 0.00, 0.00, 0.00, 0.00, 0.00, 0.00
29,  0,  1.168,  0.98,  1,  -132.1,  -145.1,  1244.6,  0.253,  0.564,  -0.133, 0.04, 0.00, 0.72, 0.33, 0.00, 0.00, 0.06, 0.32, 0.00, 0.21, 0.39, 2.55, 0.00, 0.12, 0.00, 1.56, 0.00, 0.00, 0.00, 1.00, 0.00, 0.00, 0.00, 0.00, 0.00, 0.00, 0.00, 0.00, 1.00, 0.00, 0.00, 0.00, 0.00, 0.00, 0.00
30,  0,  1.210,  0.98,  1,  -137.2,  -147.9,  1254.5,  0.216,  0.534,  -0.119, 0.12, 0.00, 0.68, 0.25, 0.00, 0.00, 0.03, 0.55, 0.00, 0.18, 0.43, 3.04, 0.24, 0.10, 0.00, 1.62, 0.00, 0.00, 0.00, 1.00, 0.00, 0.00, 0.00, 0.00, 0.00, 0.00, 0.00, 0.00, 1.00, 0.00, 0.00, 0.00, 0.00, 0.00, 1.00
31,  0,  1.251,  0.88,  1,  -140.4,  -150.5,  1267.5,  0.183,  0.513,  -0.109, 0.69, 0.24, 0.46, 0.04, 0.00, 0.00, 0.00, 0.48, 0.01, 0.04, 0.14, 2.67, 0.24, 0.07, 0.25, 1.49, 0.33, 0.00, 0.00, 1.00, 0.00, 0.00, 0.00, 0.00, 0.00, 0.00, 0.00, 0.00, 1.00, 0.00, 0.00, 0.00, 0.00, 0.00, 1.00
32,  0,  1.293,  0.88,  1,  -143.3,  -153.8,  1292.4,  0.206,  0.490,  -0.110, 1.32, 0.56, 0.31, 0.00, 0.00, 0.00, 0.00, 0.34, 0.09, 0.00, 0.04, 1.62, 0.41, 0.02, 0.96, 1.55, 0.85, 0.00, 0.00, 0.00, 0.00, 0.00, 0.00, 0.00, 0.00, 0.00, 0.00, 0.00, 1.00, 0.00, 0.00, 0.00, 0.00, 0.00, 0.00
33,  0,  1.335,  0.88,  1,  -142.1,  -152.6,  1293.4,  0.192,  0.489,  -0.097, 1.88, 0.92, 0.45, 0.00, 0.00, 0.00, 0.00, 0.11, 0.24, 0.00, 0.00, 0.59, 0.45, 0.00, 1.64, 1.13, 1.40, 1.00, 0.00, 0.00, 0.00, 0.00, 0.00, 0.00, 0.00, 0.00, 0.00, 0.00, 0.00, 0.00, 0.00, 0.00, 0.00, 0.00, 0.00
34,  0,  1.376,  0.82,  1,  -137.8,  -150.6,  1282.9,  0.176,  0.496,  -0.090, 1.80, 0.68, 0.69, 0.00, 0.00, 0.09, 0.00, 0.04, 0.23, 0.00, 0.39, 0.32, 0.49, 0.20, 1.75, 0.50, 1.55, 1.00, 0.00, 0.00, 0.00, 0.00, 0.00, 0.00, 0.00, 0.00, 0.00, 0.00, 0.00, 0.00, 0.00, 0.00, 0.00, 0.00, 0.00
35,  0,  1.418,  0.82,  1,  -133.5,  -156.0,  1310.3,  0.084,  0.404,  -0.057, 1.61, 0.36, 0.70, 0.00, 0.00, 0.15, 0.00, 0.00, 0.15, 0.00, 0.47, 0.31, 0.49, 0.34, 1.71, 0.05, 1.30, 1.00, 1.00, 0.00, 0.00, 0.00, 0.00, 0.00, 0.00, 0.00, 0.00, 0.00, 0.00, 1.00, 0.00, 0.00, 0.00, 0.00, 0.00
36,  0,  1.460,  0.82,  1,  -129.9,  -159.5,  1327.2,  0.068,  0.342,  -0.065, 1.23, 0.18, 0.43, 0.00, 0.00, 0.24, 0.00, 0.00, 0.00, 0.00, 0.47, 0.29, 0.24, 0.50, 1.67, 0.36, 0.96, 1.00, 1.00, 0.00, 0.00, 0.00, 0.00, 0.00, 0.00, 0.00, 0.00, 0.00, 0.00, 1.00, 0.00, 0.00, 1.00, 0.00, 0.00
37,  0,  1.502,  0.88,  1,  -127.3,  -165.2,  1356.7,  0.085,  0.257,  -0.085, 1.12, 0.37, 0.20, 0.00, 0.00, 0.18, 0.00, 0.00, 0.05, 0.00, 0.08, 0.00, 0.19, 0.31, 1.77, 0.63, 0.58, 1.00, 1.00, 0.00, 0.00, 0.00, 0.00, 0.00, 0.00, 0.00, 0.00, 0.00, 0.00, 0.00, 0.00, 0.00, 1.00, 0.00, 0.00
38,  0,  1.543,  0.88,  1,  -124.5,  -168.2,  1374.8,  0.090,  0.124,  -0.099, 1.06, 0.74, 0.05, 0.00, 0.00, 0.12, 0.00, 0.00, 0.23, 0.00, 0.00, 0.04, 0.17, 0.16, 1.44, 0.91, 0.31, 1.00, 1.00, 0.00, 0.00, 0.00, 0.00, 0.00, 0.00, 0.00, 0.00, 0.00, 0.00, 0.00, 0.00, 0.00, 1.00, 0.00, 0.00
39,  0,  1.585,  0.98,  1,  -120.2,  -168.6,  1372.2,  0.144,  -0.062,  -0.111, 1.11, 0.85, 0.00, 0.00, 0.00, 0.03, 0.00, 0.00, 0.37, 0.00, 0.00, 0.04, 0.18, 0.00, 1.17, 0.82, 0.10, 1.00, 1.00, 0.00, 0.00, 0.00, 0.00, 0.00, 0.00, 0.00, 0.00, 0.00, 0.00, 0.00, 0.00, 0.00, 1.00, 0.00, 0.00
40,  0,  1.627,  0.98,  1,  -115.0,  -166.8,  1350.8,  0.233,  -0.127,  -0.105, 0.99, 0.81, 0.00, 0.00, 0.00, 0.00, 0.00, 0.00, 0.51, 0.00, 0.01, 0.14, 0.18, 0.00, 1.01, 0.76, 0.01, 1.00, 1.00, 0.00, 0.00, 0.00, 0.00, 0.00, 0.00, 0.00, 0.00, 0.00, 0.00, 0.00, 0.00, 0.00, 1.00, 0.00, 0.00
41,  0,  1.668,  0.98,  1,  -110.8,  -165.8,  1343.3,  0.276,  -0.131,  -0.109, 0.89, 0.68, 0.02, 0.00, 0.00, 0.00, 0.00, 0.00, 0.54, 0.00, 0.01, 0.40, 0.04, 0.00, 0.68, 0.54, 0.01, 1.00, 1.00, 0.00, 0.00, 0.00, 0.00, 0.00, 0.00, 0.00, 0.00, 0.00, 0.00, 0.00, 0.00, 0.00, 1.00, 0.00, 0.00
42,  0,  1.710,  0.98,  1,  -106.7,  -165.2,  1337.7,  0.301,  -0.132,  -0.113, 0.83, 0.62, 0.02, 0.00, 0.00, 0.00, 0.00, 0.00, 0.56, 0.00, 0.08, 0.90, 0.00, 0.00, 0.30, 0.27, 0.01, 1.00, 1.00, 0.00, 0.00, 0.00, 0.00, 0.00, 0.00, 0.00, 0.00, 0.00, 0.00, 0.00, 0.00, 0.00, 0.00, 0.00, 0.00
43,  0,  1.752,  0.98,  1,  -103.8,  -166.2,  1342.7,  0.295,  -0.122,  -0.119, 0.78, 0.57, 0.02, 0.00, 0.00, 0.00, 0.00, 0.00, 0.54, 0.01, 0.10, 1.28, 0.00, 0.00, 0.01, 0.07, 0.00, 1.00, 1.00, 0.00, 0.00, 0.00, 0.00, 0.00, 0.00, 0.00, 1.00, 1.00, 0.00, 0.00, 0.00, 0.00, 0.00, 0.00, 0.00
44,  0,  1.793,  0.98,  1,  -100.8,  -166.0,  1342.6,  0.304,  -0.110,  -0.124, 0.82, 0.55, 0.01, 0.00, 0.00, 0.00, 0.00, 0.00, 0.48, 0.08, 0.10, 1.39, 0.00, 0.00, 0.00, 0.00, 0.00, 1.00, 1.00, 0.00, 0.00, 0.00, 0.00, 0.00, 0.00, 0.00, 1.00, 1.00, 0.00, 0.00, 0.00, 0.00, 0.00, 0.00, 1.00
45,  0,  1.835,  0.98,  1,  -97.3,  -165.4,  1338.9,  0.318,  -0.110,  -0.126, 0.76, 0.53, 0.01, 0.00, 0.00, 0.00, 0.00, 0.00, 0.51, 0.08, 0.04, 1.23, 0.00, 0.00, 0.00, 0.00, 0.00, 1.00, 1.00, 0.00, 0.00, 0.00, 0.00, 0.00, 0.00, 0.00, 1.00, 1.00, 0.00, 0.00, 0.00, 0.00, 0.00, 0.00, 1.00
46,  0,  1.877,  0.98,  1,  -94.6,  -165.0,  1337.9,  0.328,  -0.107,  -0.127, 0.77, 0.63, 0.01, 0.00, 0.00, 0.00, 0.00, 0.00, 0.50, 0.07, 0.00, 0.93, 0.00, 0.00, 0.07, 0.00, 0.01, 1.00, 1.00, 0.00, 0.00, 0.00, 0.00, 0.00, 0.00, 0.00, 1.00, 1.00, 0.00, 0.00, 0.00, 0.00, 0.00, 0.00, 1.00
47,  0,  1.919,  0.93,  1,  -91.5,  -164.2,  1335.3,  0.334,  -0.106,  -0.131, 0.68, 0.68, 0.01, 0.00, 0.00, 0.00, 0.00, 0.00, 0.48, 0.00, 0.00, 0.79, 0.00, 0.00, 0.19, 0.01, 0.04, 1.00, 1.00, 0.00, 0.00, 0.00, 0.00, 0.00, 0.00, 0.00, 1.00, 0.00, 0.00, 0.00, 0.00, 0.00, 0.00, 0.00, 1.00
48,  0,  1.960,  0.98,  1,  -89.9,  -164.0,  1336.8,  0.341,  -0.087,  -0.128, 0.72, 0.72, 0.01, 0.00, 0.00, 0.00, 0.00, 0.00, 0.44, 0.00, 0.00, 0.48, 0.00, 0.00, 0.50, 0.09, 0.24, 1.00, 1.00, 0.00, 0.00, 0.00, 0.00, 0.00, 0.00, 0.00, 1.00, 0.00, 0.00, 0.00, 0.00, 0.00, 0.00, 0.00, 1.00
49,  0,  2.002,  0.93,  1,  -88.2,  -163.9,  1347.8,  0.350,  -0.087,  -0.119, 0.72, 0.71, 0.01, 0.00, 0.00, 0.00, 0.00, 0.00, 0.48, 0.01, 0.18, 0.30, 0.00, 0.00, 0.83, 0.09, 0.66, 1.00, 1.00, 0.00, 0.00, 0.00, 0.00, 0.00, 0.00, 0.00, 1.00, 0.00, 0.00, 0.00, 0.00, 0.00, 0.00, 0.00, 1.00
50,  0,  2.044,  0.93,  1,  -85.6,  -162.7,  1358.4,  0.379,  -0.088,  -0.111, 0.67, 0.63, 0.00, 0.06, 0.00, 0.00, 0.00, 0.00, 0.54, 0.02, 0.34, 0.04, 0.00, 0.00, 1.08, 0.07, 1.07, 1.00, 1.00, 0.00, 1.00, 0.00, 0.00, 0.00, 0.00, 0.00, 1.00, 0.00, 0.00, 0.00, 0.00, 0.00, 0.00, 0.00, 1.00
51,  0,  2.085,  0.93,  1,  -82.3,  -161.0,  1360.8,  0.387,  -0.087,  -0.100, 0.52, 0.45, 0.00, 0.06, 0.00, 0.00, 0.00, 0.00, 0.55, 0.03, 0.59, 0.08, 0.00, 0.00, 1.15, 0.00, 1.13, 1.00, 1.00, 0.00, 1.00, 0.00, 0.00, 0.00, 0.00, 0.00, 0.00, 0.00, 0.00, 0.00, 0.00, 0.00, 0.00, 0.00, 1.00
52,  0,  2.127,  0.93,  1,  -78.5,  -160.3,  1353.9,  0.392,  -0.091,  -0.086, 0.34, 0.25, 0.00, 0.06, 0.00, 0.00, 0.00, 0.04, 0.50, 0.02, 0.61, 0.08, 0.00, 0.00, 1.05, 0.00, 0.87, 0.00, 1.00, 0.00, 1.00, 0.00, 0.00, 0.00, 0.00, 0.00, 0.00, 0.00, 0.00, 0.00, 0.00, 0.00, 0.00, 0.00, 1.00
53,  0,  2.169,  0.98,  1,  -74.8,  -160.5,  1344.3,  0.376,  -0.096,  -0.071, 0.20, 0.06, 0.00, 0.00, 0.00, 0.00, 0.00, 0.04, 0.48, 0.01, 0.69, 0.08, 0.00, 0.00, 1.08, 0.09, 0.46, 0.00, 0.00, 0.00, 1.00, 0.00, 0.00, 0.00, 0.00, 0.00, 0.00, 0.00, 0.00, 0.00, 0.00, 0.00, 0.00, 0.00, 1.00
54,  0,  2.211,  0.98,  1,  -71.0,  -160.5,  1332.6,  0.349,  -0.115,  -0.057, 0.07, 0.00, 0.00, 0.00, 0.00, 0.00, 0.00, 0.12, 0.45, 0.00, 0.62, 0.01, 0.00, 0.00, 1.02, 0.28, 0.20, 0.00, 0.00, 0.00, 0.00, 0.00, 0.00, 0.00, 1.00, 0.00, 0.00, 0.00, 0.00, 0.00, 0.00, 0.00, 0.00, 0.00, 1.00
55,  0,  2.252,  0.98,  1,  -68.6,  -163.3,  1338.9,  0.328,  -0.140,  -0.043, 0.00, 0.00, 0.00, 0.00, 0.00, 0.00, 0.00, 0.16, 0.45, 0.00, 0.65, 0.00, 0.00, 0.00, 1.11, 0.30, 0.02, 0.00, 0.00, 0.00, 0.00, 0.00, 0.00, 0.00, 1.00, 0.00, 0.00, 0.00, 0.00, 0.00, 0.00, 0.00, 0.00, 0.00, 1.00
56,  0,  2.294,  0.98,  1,  -66.7,  -166.2,  1346.9,  0.289,  -0.153,  -0.037, 0.06, 0.00, 0.00, 0.00, 0.00, 0.00, 0.03, 0.22, 0.39, 0.00, 0.73, 0.00, 0.00, 0.00, 1.12, 0.21, 0.00, 0.00, 0.00, 0.00, 0.00, 0.00, 0.00, 0.00, 1.00, 0.00, 0.00, 0.00, 0.00, 0.00, 0.00, 0.00, 0.00, 0.00, 1.00
57,  0,  2.336,  0.98,  1,  -64.7,  -167.7,  1349.6,  0.280,  -0.156,  -0.030, 0.06, 0.00, 0.00, 0.00, 0.00, 0.00, 0.03, 0.15, 0.44, 0.00, 0.70, 0.10, 0.00, 0.00, 0.84, 0.02, 0.00, 0.00, 0.00, 0.00, 0.00, 0.00, 0.00, 0.00, 1.00, 0.00, 0.00, 0.00, 0.00, 0.00, 0.00, 0.00, 0.00, 0.00, 1.00
58,  0,  2.377,  0.98,  1,  -61.0,  -166.6,  1341.9,  0.287,  -0.166,  -0.022, 0.06, 0.00, 0.00, 0.00, 0.00, 0.00, 0.03, 0.09, 0.46, 0.00, 0.65, 0.34, 0.00, 0.00, 0.47, 0.00, 0.00, 0.00, 0.00, 0.00, 0.00, 0.00, 0.00, 0.00, 1.00, 0.00, 0.00, 0.00, 0.00, 0.00, 0.00, 0.00, 0.00, 0.00, 1.00
59,  0,  2.419,  0.98,  1,  -60.1,  -163.4,  1332.2,  0.314,  -0.147,  -0.020, 0.00, 0.00, 0.00, 0.00, 0.00, 0.00, 0.00, 0.03, 0.49, 0.00, 0.56, 0.53, 0.00, 0.00, 0.20, 0.06, 0.00, 0.00, 0.00, 0.00, 0.00, 0.00, 0.00, 0.00, 1.00, 0.00, 0.00, 0.00, 0.00, 0.00, 0.00, 0.00, 0.00, 0.00, 1.00
60,  0,  2.461,  0.98,  1,  -59.6,  -159.8,  1323.2,  0.346,  -0.107,  -0.019, 0.00, 0.00, 0.00, 0.00, 0.00, 0.00, 0.00, 0.02, 0.44, 0.00, 0.48, 0.59, 0.00, 0.00, 0.42, 0.23, 0.00, 0.00, 0.00, 0.00, 1.00, 0.00, 0.00, 0.00, 0.00, 0.00, 0.00, 0.00, 0.00, 0.00, 0.00, 0.00, 0.00, 0.00, 1.00
61,  0,  2.502,  0.98,  1,  -59.3,  -157.3,  1317.2,  0.361,  -0.069,  -0.031, 0.00, 0.00, 0.01, 0.00, 0.00, 0.00, 0.00, 0.00, 0.44, 0.00, 0.30, 0.59, 0.00, 0.00, 0.65, 0.32, 0.00, 0.00, 0.00, 0.00, 1.00, 0.00, 0.00, 0.00, 0.00, 0.00, 0.00, 0.00, 0.00, 0.00, 0.00, 0.00, 0.00, 0.00, 1.00
62,  0,  2.544,  0.98,  1,  -59.5,  -155.2,  1311.3,  0.376,  -0.045,  -0.041, 0.00, 0.00, 0.10, 0.00, 0.00, 0.00, 0.00, 0.00, 0.44, 0.00, 0.08, 0.65, 0.00, 0.00, 0.61, 0.30, 0.00, 0.00, 0.00, 0.00, 1.00, 0.00, 0.00, 0.00, 0.00, 0.00, 0.00, 0.00, 0.00, 0.00, 0.00, 0.00, 0.00, 0.00, 1.00
63,  0,  2.586,  0.98,  1,  -60.6,  -154.2,  1308.6,  0.386,  -0.023,  -0.042, 0.00, 0.00, 0.10, 0.00, 0.00, 0.00, 0.00, 0.00, 0.45, 0.00, 0.00, 0.69, 0.00, 0.00, 0.58, 0.26, 0.00, 0.00, 0.00, 0.00, 1.00, 0.00, 0.00, 0.00, 0.00, 0.00, 0.00, 0.00, 0.00, 0.00, 0.00, 1.00, 0.00, 0.00, 1.00
64,  0,  2.628,  0.98,  1,  -63.2,  -153.5,  1307.3,  0.391,  0.018,  -0.043, 0.00, 0.00, 0.09, 0.00, 0.00, 0.00, 0.03, 0.00, 0.37, 0.00, 0.00, 0.69, 0.00, 0.00, 0.65, 0.26, 0.04, 0.00, 0.00, 0.00, 1.00, 0.00, 0.00, 0.00, 0.00, 0.00, 0.00, 0.00, 0.00, 0.00, 0.00, 0.00, 0.00, 0.00, 0.00
65,  0,  2.669,  0.98,  1,  -67.2,  -151.9,  1305.0,  0.408,  0.083,  -0.050, 0.00, 0.00, 0.00, 0.00, 0.00, 0.00, 0.10, 0.17, 0.31, 0.00, 0.00, 0.75, 0.00, 0.00, 0.89, 0.38, 0.04, 0.00, 0.00, 0.00, 0.00, 0.00, 0.00, 0.00, 0.00, 0.00, 0.00, 0.00, 0.00, 0.00, 0.00, 0.00, 0.00, 0.00, 0.00
66,  0,  2.711,  0.98,  1,  -72.0,  -149.8,  1296.6,  0.410,  0.157,  -0.049, 0.00, 0.00, 0.00, 0.00, 0.00, 0.00, 0.10, 0.41, 0.25, 0.00, 0.00, 0.81, 0.00, 0.00, 0.66, 0.25, 0.04, 0.00, 0.00, 0.00, 0.00, 0.00, 0.00, 0.00, 0.00, 0.00, 0.00, 0.00, 0.00, 0.00, 0.00, 0.00, 0.00, 0.00, 0.00
67,  0,  2.753,  0.98,  1,  -77.4,  -151.0,  1310.1,  0.380,  0.194,  -0.028, 0.00, 0.00, 0.00, 0.00, 0.00, 0.00, 0.07, 0.76, 0.30, 0.00, 0.00, 0.90, 0.00, 0.00, 0.36, 0.27, 0.00, 0.00, 0.00, 0.00, 0.00, 0.00, 0.00, 0.00, 0.00, 0.00, 0.00, 0.00, 0.00, 0.00, 0.00, 1.00, 0.00, 0.00, 0.00
68,  0,  2.794,  0.98,  1,  -81.1,  -151.8,  1310.6,  0.341,  0.243,  -0.011, 0.00, 0.00, 0.00, 0.04, 0.00, 0.00, 0.00, 0.94, 0.36, 0.00, 0.00, 0.87, 0.00, 0.00, 0.00, 0.54, 0.00, 0.00, 0.00, 0.00, 0.00, 0.00, 0.00, 0.00, 0.00, 0.00, 0.00, 0.00, 0.00, 0.00, 0.00, 1.00, 0.00, 0.00, 0.00
69,  0,  2.836,  0.98,  1,  -81.9,  -152.4,  1309.6,  0.334,  0.266,  -0.005, 0.00, 0.00, 0.00, 0.04, 0.00, 0.00, 0.00, 1.03, 0.40, 0.00, 0.00, 0.81, 0.00, 0.00, 0.14, 0.99, 0.00, 0.00, 0.00, 0.00, 0.00, 0.00, 0.00, 0.00, 0.00, 0.00, 0.00, 0.00, 0.00, 0.00, 0.00, 1.00, 0.00, 0.00, 0.00
70,  0,  2.878,  0.98,  1,  -82.2,  -152.9,  1312.5,  0.326,  0.275,  -0.002, 0.00, 0.00, 0.00, 0.04, 0.00, 0.00, 0.00, 1.18, 0.46, 0.00, 0.00, 0.52, 0.00, 0.00, 0.24, 1.24, 0.00, 0.00, 0.00, 0.00, 0.00, 0.00, 0.00, 0.00, 0.00, 0.00, 0.00, 0.00, 0.00, 0.00, 0.00, 1.00, 0.00, 0.00, 0.00
71,  0,  2.920,  0.98,  1,  -82.5,  -153.1,  1319.2,  0.333,  0.271,  -0.004, 0.00, 0.00, 0.00, 0.00, 0.00, 0.00, 0.00, 1.27, 0.47, 0.00, 0.00, 0.24, 0.00, 0.01, 0.42, 1.10, 0.00, 0.00, 0.00, 0.00, 0.00, 0.00, 0.00, 0.00, 1.00, 0.00, 0.00, 0.00, 0.00, 0.00, 0.00, 1.00, 0.00, 0.00, 0.00
72,  0,  2.961,  0.98,  1,  -82.7,  -152.3,  1324.1,  0.335,  0.273,  -0.003, 0.00, 0.00, 0.00, 0.00, 0.00, 0.00, 0.00, 1.38, 0.50, 0.00, 0.00, 0.15, 0.00, 0.02, 0.42, 0.96, 0.00, 0.00, 0.00, 0.00, 0.00, 0.00, 0.00, 0.00, 1.00, 0.00, 0.00, 0.00, 0.00, 0.00, 0.00, 1.00, 0.00, 0.00, 0.00
73,  0,  3.003,  0.98,  1,  -83.1,  -151.3,  1322.7,  0.331,  0.277,  -0.000, 0.00, 0.00, 0.00, 0.00, 0.00, 0.00, 0.00, 1.30, 0.52, 0.00, 0.00, 0.27, 0.00, 0.04, 0.58, 1.05, 0.00, 0.00, 0.00, 0.00, 0.00, 0.00, 0.00, 0.00, 1.00, 0.00, 0.00, 0.00, 0.00, 1.00, 0.00, 1.00, 0.00, 0.00, 0.00
74,  0,  3.045,  0.98,  1,  -83.0,  -149.6,  1318.6,  0.341,  0.286,  0.000, 0.00, 0.00, 0.00, 0.00, 0.00, 0.00, 0.00, 1.32, 0.56, 0.00, 0.00, 0.44, 0.00, 0.07, 0.69, 1.27, 0.00, 0.00, 0.00, 0.00, 0.00, 0.00, 0.00, 0.00, 1.00, 0.00, 0.00, 0.00, 0.00, 1.00, 0.00, 1.00, 0.00, 0.00, 0.00
75,  0,  3.086,  0.98,  1,  -82.8,  -149.5,  1318.4,  0.339,  0.290,  0.002, 0.00, 0.00, 0.00, 0.00, 0.00, 0.00, 0.00, 1.34, 0.58, 0.00, 0.00, 0.57, 0.00, 0.11, 0.88, 1.52, 0.00, 0.00, 0.00, 0.00, 0.00, 0.00, 0.00, 0.00, 1.00, 0.00, 0.00, 0.00, 0.00, 1.00, 0.00, 1.00, 0.00, 0.00, 0.00
76,  0,  3.128,  0.98,  1,  -83.1,  -149.2,  1320.1,  0.343,  0.293,  0.001, 0.00, 0.00, 0.00, 0.00, 0.00, 0.00, 0.00, 1.36, 0.57, 0.00, 0.00, 0.63, 0.00, 0.13, 0.93, 1.48, 0.00, 0.00, 0.00, 0.00, 0.00, 0.00, 0.00, 0.00, 1.00, 0.00, 0.00, 0.00, 0.00, 1.00, 0.00, 1.00, 0.00, 0.00, 0.00
77,  0,  3.170,  0.98,  1,  -83.3,  -148.9,  1320.8,  0.341,  0.295,  0.003, 0.00, 0.00, 0.00, 0.00, 0.00, 0.00, 0.03, 1.34, 0.53, 0.00, 0.00, 0.72, 0.00, 0.15, 0.92, 1.34, 0.00, 0.00, 0.00, 0.00, 0.00, 0.00, 0.00, 0.00, 1.00, 0.00, 0.00, 0.00, 0.00, 0.00, 0.00, 1.00, 0.00, 0.00, 0.00
78,  0,  3.212,  0.98,  1,  -83.3,  -148.4,  1319.7,  0.345,  0.300,  0.001, 0.00, 0.00, 0.00, 0.00, 0.00, 0.00, 0.03, 1.33, 0.53, 0.00, 0.00, 0.77, 0.00, 0.16, 0.76, 1.11, 0.00, 0.00, 0.00, 0.00, 0.00, 0.00, 0.00, 0.00, 1.00, 0.00, 0.00, 0.00, 0.00, 0.00, 0.00, 1.00, 0.00, 0.00, 0.00
79,  0,  3.253,  0.98,  1,  -83.5,  -148.0,  1318.9,  0.343,  0.307,  0.001, 0.00, 0.00, 0.00, 0.00, 0.00, 0.00, 0.03, 1.28, 0.54, 0.00, 0.00, 0.83, 0.00, 0.17, 0.64, 1.13, 0.00, 0.00, 0.00, 0.00, 0.00, 0.00, 0.00, 0.00, 1.00, 0.00, 0.00, 0.00, 0.00, 0.00, 0.00, 1.00, 0.00, 0.00, 0.00
80,  0,  3.295,  0.98,  1,  -83.2,  -146.8,  1313.9,  0.347,  0.310,  -0.002, 0.00, 0.00, 0.00, 0.00, 0.00, 0.00, 0.00, 1.32, 0.57, 0.00, 0.00, 0.85, 0.00, 0.15, 0.69, 1.14, 0.00, 0.00, 0.00, 0.00, 0.00, 0.00, 0.00, 0.00, 1.00, 0.00, 0.00, 0.00, 0.00, 0.00, 0.00, 1.00, 0.00, 0.00, 0.00
81,  0,  3.337,  0.98,  1,  -82.6,  -145.4,  1305.0,  0.349,  0.315,  -0.005, 0.00, 0.00, 0.00, 0.00, 0.00, 0.00, 0.00, 1.32, 0.62, 0.00, 0.00, 0.91, 0.00, 0.15, 0.86, 1.26, 0.00, 0.00, 0.00, 0.00, 0.00, 0.00, 0.00, 0.00, 1.00, 0.00, 0.00, 0.00, 0.00, 0.00, 0.00, 1.00, 0.00, 0.00, 0.00
82,  0,  3.378,  0.98,  1,  -82.9,  -145.5,  1305.1,  0.342,  0.319,  -0.005, 0.00, 0.00, 0.00, 0.00, 0.00, 0.00, 0.00, 1.35, 0.62, 0.00, 0.00, 1.02, 0.00, 0.23, 0.67, 1.17, 0.00, 0.00, 0.00, 0.00, 0.00, 0.00, 0.00, 0.00, 1.00, 0.00, 1.00, 0.00, 0.00, 0.00, 0.00, 0.00, 0.00, 0.00, 0.00
83,  0,  3.420,  0.98,  1,  -82.9,  -145.4,  1305.1,  0.340,  0.314,  -0.006, 0.00, 0.00, 0.00, 0.06, 0.00, 0.00, 0.00, 1.38, 0.63, 0.03, 0.00, 1.17, 0.04, 0.37, 0.33, 0.94, 0.00, 0.00, 0.00, 0.00, 0.00, 0.00, 0.00, 0.00, 1.00, 0.00, 1.00, 0.00, 0.00, 0.00, 0.00, 1.00, 0.00, 0.00, 0.00
84,  0,  3.462,  0.98,  1,  -83.0,  -145.5,  1304.5,  0.330,  0.319,  -0.005, 0.00, 0.00, 0.00, 0.05, 0.00, 0.00, 0.00, 1.32, 0.59, 0.03, 0.02, 1.33, 0.12, 0.45, 0.00, 0.53, 0.00, 0.00, 0.00, 0.00, 0.00, 0.00, 0.00, 0.00, 1.00, 0.00, 1.00, 0.00, 0.00, 0.00, 0.00, 1.00, 0.00, 0.00, 0.00
85,  0,  3.503,  0.98,  1,  -82.1,  -143.9,  1298.4,  0.357,  0.310,  -0.014, 0.00, 0.00, 0.00, 0.05, 0.00, 0.00, 0.09, 1.33, 0.59, 0.03, 0.02, 1.12, 0.12, 0.34, 0.33, 0.71, 0.00, 0.00, 0.00, 0.00, 0.00, 0.00, 0.00, 0.00, 1.00, 0.00, 1.00, 0.00, 0.00, 0.00, 0.00, 1.00, 0.00, 0.00, 0.00
86,  0,  3.545,  0.98,  1,  -82.2,  -143.2,  1296.2,  0.357,  0.315,  -0.016, 0.00, 0.00, 0.00, 0.00, 0.00, 0.00, 0.15, 1.34, 0.59, 0.00, 0.02, 0.93, 0.08, 0.16, 0.64, 1.11, 0.00, 0.00, 0.00, 0.00, 0.00, 0.00, 0.00, 0.00, 1.00, 0.00, 1.00, 0.00, 0.00, 0.00, 0.00, 1.00, 0.00, 0.00, 0.00
87,  0,  3.587,  0.98,  1,  -82.3,  -142.5,  1296.7,  0.360,  0.319,  -0.015, 0.08, 0.00, 0.00, 0.00, 0.00, 0.00, 0.16, 1.52, 0.62, 0.00, 0.00, 0.72, 0.00, 0.03, 1.02, 1.54, 0.00, 0.00, 0.00, 0.00, 0.00, 0.00, 0.00, 0.00, 1.00, 0.00, 1.00, 0.00, 0.00, 0.00, 0.00, 1.00, 0.00, 0.00, 0.00
88,  0,  3.629,  0.98,  1,  -82.9,  -142.2,  1302.5,  0.358,  0.319,  -0.012, 0.16, 0.01, 0.00, 0.03, 0.00, 0.00, 0.07, 1.67, 0.72, 0.01, 0.00, 0.79, 0.00, 0.01, 1.00, 1.35, 0.00, 0.00, 0.00, 0.00, 0.00, 0.00, 0.00, 0.00, 1.00, 0.00, 0.00, 0.00, 0.00, 0.00, 0.00, 1.00, 0.00, 0.00, 0.00
89,  0,  3.670,  0.98,  1,  -83.2,  -140.8,  1305.0,  0.377,  0.318,  -0.011, 0.49, 0.36, 0.00, 0.03, 0.00, 0.00, 0.01, 1.73, 0.72, 0.01, 0.00, 0.82, 0.04, 0.00, 0.91, 1.06, 0.00, 0.00, 0.00, 0.00, 0.00, 0.00, 0.00, 0.00, 1.00, 0.00, 0.00, 0.00, 0.00, 0.00, 0.00, 1.00, 0.00, 0.00, 0.00
90,  0,  3.712,  0.98,  1,  -83.4,  -138.9,  1302.1,  0.387,  0.327,  -0.011, 0.76, 0.77, 0.01, 0.03, 0.00, 0.00, 0.00, 1.74, 0.71, 0.01, 0.00, 0.80, 0.04, 0.00, 0.76, 0.89, 0.00, 1.00, 1.00, 0.00, 0.00, 0.00, 0.00, 0.00, 1.00, 0.00, 0.00, 0.00, 0.00, 0.00, 0.00, 1.00, 0.00, 0.00, 0.00
91,  0,  3.754,  0.98,  1,  -83.5,  -137.4,  1298.2,  0.387,  0.337,  -0.010, 1.13, 1.20, 0.01, 0.00, 0.00, 0.00, 0.00, 1.63, 0.66, 0.00, 0.00, 0.87, 0.06, 0.00, 0.69, 0.92, 0.00, 1.00, 1.00, 0.00, 0.00, 0.00, 0.00, 0.00, 1.00, 0.00, 1.00, 0.00, 0.00, 0.00, 0.00, 1.00, 0.00, 0.00, 0.00
92,  0,  3.795,  0.98,  1,  -83.6,  -137.9,  1292.3,  0.375,  0.347,  -0.007, 1.26, 1.30, 0.01, 0.00, 0.00, 0.00, 0.00, 1.49, 0.67, 0.05, 0.00, 0.91, 0.02, 0.00, 0.73, 0.87, 0.00, 1.00, 1.00, 0.00, 0.00, 0.00, 0.00, 0.00, 1.00, 0.00, 1.00, 0.00, 0.00, 0.00, 0.00, 1.00, 0.00, 0.00, 0.00
93,  0,  3.837,  0.98,  1,  -83.7,  -140.4,  1284.4,  0.337,  0.369,  -0.000, 1.36, 1.26, 0.00, 0.05, 0.00, 0.00, 0.00, 1.60, 0.69, 0.05, 0.00, 0.84, 0.14, 0.00, 0.89, 0.70, 0.09, 1.00, 1.00, 0.00, 0.00, 0.00, 0.00, 0.00, 1.00, 0.00, 1.00, 0.00, 0.00, 0.00, 0.00, 1.00, 0.00, 0.00, 0.00
94,  0,  3.879,  0.98,  1,  -85.2,  -145.2,  1285.0,  0.309,  0.388,  0.009, 1.29, 1.29, 0.04, 0.26, 0.00, 0.00, 0.00, 1.66, 0.74, 0.36, 0.00, 0.68, 0.25, 0.00, 1.20, 0.50, 0.87, 0.00, 0.00, 0.00, 0.00, 0.00, 0.00, 0.00, 1.00, 0.00, 1.00, 0.00, 0.00, 0.00, 0.00, 1.00, 0.00, 0.00, 0.00
95,  0,  3.921,  0.93,  1,  -88.0,  -152.0,  1298.9,  0.269,  0.403,  0.023, 1.00, 1.06, 0.21, 0.31, 0.00, 0.00, 0.00, 1.92, 0.72, 0.63, 0.00, 0.70, 0.49, 0.00, 1.45, 0.33, 1.40, 0.00, 0.00, 1.00, 0.00, 0.00, 0.00, 0.00, 1.00, 0.00, 1.00, 0.00, 0.00, 0.00, 0.00, 1.00, 0.00, 0.00, 1.00
96,  0,  3.962,  0.98,  1,  -90.3,  -157.6,  1304.1,  0.251,  0.419,  0.035, 0.75, 1.10, 0.43, 0.31, 0.00, 0.00, 0.01, 1.95, 0.72, 1.01, 0.00, 1.02, 0.73, 0.00, 1.43, 0.22, 1.90, 0.00, 0.00, 1.00, 0.00, 0.00, 0.00, 0.00, 1.00, 0.00, 1.00, 0.00, 0.00, 0.00, 0.00, 1.00, 0.00, 0.00, 1.00
97,  0,  4.004,  0.98,  1,  -93.4,  -162.0,  1304.4,  0.222,  0.447,  0.052, 0.53, 0.77, 0.63, 0.14, 0.00, 0.00, 0.04, 2.12, 0.64, 1.05, 0.00, 1.52, 1.02, 0.00, 1.06, 0.08, 1.66, 0.00, 0.00, 1.00, 0.00, 0.00, 0.00, 0.00, 1.00, 0.00, 1.00, 0.00, 0.00, 0.00, 0.00, 1.00, 0.00, 0.00, 1.00
98,  0,  4.046,  0.98,  1,  -96.6,  -165.9,  1309.1,  0.218,  0.459,  0.078, 0.71, 0.89, 0.66, 0.17, 0.00, 0.00, 0.04, 1.99, 0.66, 0.91, 0.00, 1.77, 1.21, 0.00, 0.71, 0.06, 1.67, 0.00, 0.00, 1.00, 0.00, 0.00, 0.00, 0.00, 1.00, 0.00, 1.00, 0.00, 0.00, 1.00, 0.00, 1.00, 0.00, 0.00, 1.00
99,  0,  4.087,  0.88,  1,  -98.5,  -165.9,  1298.2,  0.229,  0.472,  0.087, 1.00, 0.83, 0.45, 0.11, 0.00, 0.00, 0.02, 1.69, 0.65, 0.53, 0.00, 1.80, 1.11, 0.00, 0.44, 0.02, 1.47, 0.00, 0.00, 1.00, 0.00, 0.00, 0.00, 0.00, 1.00, 0.00, 1.00, 0.00, 0.00, 1.00, 0.00, 0.00, 0.00, 0.00, 1.00
100,  0,  4.129,  0.93,  1,  -100.4,  -164.8,  1290.0,  0.235,  0.487,  0.095, 1.16, 0.84, 0.26, 0.07, 0.00, 0.00, 0.00, 1.47, 0.65, 0.29, 0.00, 1.77, 1.13, 0.00, 0.25, 0.00, 1.30, 0.00, 0.00, 1.00, 0.00, 0.00, 0.00, 0.00, 1.00, 0.00, 1.00, 0.00, 0.00, 1.00, 0.00, 0.00, 0.00, 0.00, 1.00
101,  0,  4.171,  0.98,  1,  -105.6,  -166.7,  1317.3,  0.172,  0.522,  0.126, 1.11, 0.67, 0.10, 0.00, 0.00, 0.00, 0.00, 1.40, 0.63, 0.22, 0.00, 1.78, 1.16, 0.00, 0.10, 0.00, 0.95, 0.00, 0.00, 1.00, 0.00, 0.00, 0.00, 0.00, 1.00, 0.00, 0.00, 0.00, 0.00, 1.00, 0.00, 0.00, 0.00, 0.00, 1.00
102,  0,  4.213,  0.98,  1,  -108.0,  -165.2,  1330.8,  0.155,  0.548,  0.132, 0.92, 0.50, 0.20, 0.00, 0.00, 0.00, 0.00, 1.40, 0.55, 0.27, 0.00, 1.73, 1.22, 0.03, 0.00, 0.00, 0.72, 0.00, 0.00, 1.00, 0.00, 0.00, 0.00, 0.00, 1.00, 0.00, 0.00, 0.00, 0.00, 1.00, 0.00, 0.00, 0.00, 0.00, 1.00
103,  0,  4.254,  0.98,  1,  -109.4,  -160.3,  1330.9,  0.199,  0.533,  0.116, 0.70, 0.41, 0.24, 0.00, 0.00, 0.00, 0.00, 1.35, 0.50, 0.16, 0.00, 1.45, 1.09, 0.21, 0.00, 0.00, 0.41, 0.00, 0.00, 1.00, 0.00, 0.00, 0.00, 0.00, 0.00, 0.00, 0.00, 0.00, 0.00, 0.00, 0.00, 0.00, 0.00, 0.00, 1.00
104,  0,  4.296,  0.98,  1,  -110.4,  -155.8,  1334.9,  0.256,  0.500,  0.099, 0.85, 0.54, 0.34, 0.16, 0.00, 0.00, 0.00, 1.07, 0.41, 0.05, 0.00, 0.85, 0.92, 0.27, 0.00, 0.06, 0.22, 0.00, 0.00, 1.00, 0.00, 0.00, 0.00, 0.00, 0.00, 0.00, 0.00, 0.00, 0.00, 1.00, 0.00, 0.00, 0.00, 0.00, 1.00
105,  0,  4.338,  0.88,  1,  -104.4,  -144.6,  1287.7,  0.392,  0.419,  0.068, 1.02, 0.67, 0.31, 0.28, 0.00, 0.00, 0.00, 1.08, 0.55, 0.00, 0.00, 0.61, 0.65, 0.24, 0.00, 0.23, 0.06, 1.00, 1.00, 0.00, 0.00, 0.00, 0.00, 0.00, 0.00, 0.00, 0.00, 0.00, 0.00, 1.00, 0.00, 0.00, 0.00, 0.00, 0.00
106,  0,  4.379,  0.93,  1,  -101.0,  -140.0,  1297.8,  0.464,  0.303,  0.006, 1.00, 0.64, 0.27, 0.28, 0.09, 0.00, 0.00, 0.99, 0.70, 0.00, 0.00, 0.59, 0.32, 0.08, 0.00, 0.42, 0.00, 1.00, 1.00, 0.00, 0.00, 0.00, 0.00, 0.00, 0.00, 0.00, 1.00, 0.00, 0.00, 1.00, 0.00, 0.00, 0.00, 0.00, 0.00
107,  0,  4.421,  0.93,  1,  -98.2,  -138.3,  1310.6,  0.452,  0.263,  -0.029, 0.57, 0.35, 0.27, 0.12, 0.16, 0.03, 0.00, 1.15, 0.88, 0.00, 0.00, 0.86, 0.04, 0.01, 0.08, 0.61, 0.00, 1.00, 1.00, 0.00, 0.00, 0.00, 0.00, 0.00, 0.00, 0.00, 1.00, 0.00, 0.00, 1.00, 0.00, 0.00, 0.00, 0.00, 0.00
108,  0,  4.463,  0.88,  1,  -95.6,  -137.1,  1316.1,  0.430,  0.237,  -0.049, 0.10, 0.04, 0.34, 0.00, 0.25, 0.10, 0.00, 1.08, 0.87, 0.00, 0.00, 0.84, 0.00, 0.01, 0.24, 0.70, 0.00, 1.00, 1.00, 0.00, 0.00, 0.00, 0.00, 0.00, 1.00, 0.00, 1.00, 0.00, 0.00, 1.00, 0.00, 0.00, 0.00, 0.00, 0.00
109,  0,  4.505,  0.98,  1,  -93.3,  -136.9,  1319.3,  0.424,  0.206,  -0.058, 0.00, 0.00, 0.55, 0.00, 0.27, 0.33, 0.00, 1.07, 0.83, 0.00, 0.00, 0.67, 0.10, 0.00, 0.38, 0.71, 0.00, 0.00, 1.00, 0.00, 0.00, 0.00, 0.00, 0.00, 1.00, 0.00, 1.00, 0.00, 0.00, 1.00, 0.00, 0.00, 0.00, 0.00, 0.00
110,  0,  4.546,  0.93,  1,  -90.5,  -137.9,  1323.6,  0.413,  0.185,  -0.063, 0.00, 0.00, 0.55, 0.00, 0.25, 0.43, 0.00, 0.93, 0.86, 0.06, 0.00, 0.57, 0.21, 0.00, 0.43, 0.74, 0.00, 0.00, 1.00, 0.00, 0.00, 0.00, 0.00, 0.00, 1.00, 1.00, 1.00, 0.00, 0.00, 1.00, 0.00, 0.00, 1.00, 0.00, 0.00
111,  0,  4.588,  0.98,  1,  -88.0,  -139.0,  1326.3,  0.404,  0.158,  -0.063, 0.00, 0.00, 0.57, 0.00, 0.22, 0.54, 0.00, 0.91, 0.90, 0.07, 0.00, 0.57, 0.32, 0.00, 0.35, 0.66, 0.00, 0.00, 1.00, 0.00, 0.00, 0.00, 0.00, 0.00, 1.00, 1.00, 1.00, 0.00, 0.00, 1.00, 0.00, 0.00, 1.00, 0.00, 0.00
112,  0,  4.630,  0.98,  1,  -86.5,  -139.5,  1328.9,  0.416,  0.130,  -0.055, 0.00, 0.01, 0.39, 0.00, 0.11, 0.37, 0.00, 0.86, 0.93, 0.18, 0.00, 0.65, 0.47, 0.00, 0.25, 0.66, 0.00, 0.00, 1.00, 0.00, 0.00, 0.00, 0.00, 0.00, 1.00, 1.00, 1.00, 0.00, 0.00, 1.00, 0.00, 0.00, 1.00, 0.00, 0.00
113,  0,  4.671,  0.93,  1,  -84.7,  -140.0,  1330.3,  0.445,  0.094,  -0.050, 0.00, 0.01, 0.42, 0.00, 0.06, 0.40, 0.00, 0.87, 0.92, 0.27, 0.00, 0.70, 0.51, 0.00, 0.31, 0.58, 0.00, 0.00, 1.00, 0.00, 0.00, 0.00, 0.00, 0.00, 1.00, 1.00, 1.00, 0.00, 0.00, 1.00, 0.00, 0.00, 1.00, 0.00, 0.00
114,  0,  4.713,  0.98,  1,  -82.5,  -138.9,  1317.6,  0.449,  0.102,  -0.062, 0.00, 0.02, 0.36, 0.00, 0.00, 0.40, 0.00, 0.78, 0.92, 0.47, 0.00, 0.71, 0.45, 0.00, 0.36, 0.69, 0.00, 0.00, 1.00, 0.00, 0.00, 0.00, 0.00, 0.00, 1.00, 1.00, 1.00, 0.00, 0.00, 1.00, 0.00, 0.00, 1.00, 0.00, 0.00
115,  0,  4.755,  0.98,  1,  -81.1,  -138.2,  1308.1,  0.453,  0.105,  -0.067, 0.00, 0.04, 0.37, 0.00, 0.00, 0.51, 0.00, 0.68, 0.92, 0.59, 0.00, 0.71, 0.22, 0.00, 0.58, 0.76, 0.00, 0.00, 1.00, 0.00, 0.00, 0.00, 0.00, 0.00, 1.00, 1.00, 1.00, 0.00, 0.00, 1.00, 0.00, 0.00, 1.00, 0.00, 0.00
116,  0,  4.796,  0.98,  1,  -79.9,  -137.8,  1301.4,  0.460,  0.101,  -0.066, 0.00, 0.04, 0.26, 0.00, 0.00, 0.40, 0.00, 0.58, 0.90, 0.60, 0.00, 0.67, 0.12, 0.00, 0.64, 0.86, 0.00, 0.00, 1.00, 0.00, 0.00, 0.00, 0.00, 0.00, 1.00, 1.00, 1.00, 0.00, 0.00, 1.00, 0.00, 0.00, 1.00, 0.00, 0.00
117,  0,  4.838,  0.98,  1,  -79.3,  -137.9,  1298.9,  0.464,  0.097,  -0.064, 0.00, 0.04, 0.19, 0.00, 0.00, 0.28, 0.00, 0.55, 0.84, 0.55, 0.00, 0.61, 0.17, 0.00, 0.77, 0.81, 0.00, 0.00, 1.00, 0.00, 0.00, 0.00, 0.00, 0.00, 1.00, 0.00, 1.00, 0.00, 0.00, 1.00, 0.00, 0.00, 1.00, 0.00, 0.00
118,  0,  4.880,  0.98,  1,  -77.9,  -137.6,  1293.3,  0.477,  0.089,  -0.060, 0.00, 0.00, 0.19, 0.00, 0.00, 0.27, 0.00, 0.50, 0.75, 0.53, 0.00, 0.54, 0.21, 0.00, 0.86, 0.76, 0.00, 0.00, 1.00, 0.00, 0.00, 0.00, 0.00, 0.00, 1.00, 0.00, 1.00, 0.00, 0.00, 1.00, 0.00, 0.00, 1.00, 0.00, 0.00
119,  0,  4.922,  0.98,  1,  -77.0,  -137.4,  1289.2,  0.484,  0.089,  -0.057, 0.00, 0.00, 0.23, 0.00, 0.00, 0.33, 0.00, 0.49, 0.72, 0.61, 0.00, 0.57, 0.18, 0.00, 0.84, 0.75, 0.00, 0.00, 1.00, 0.00, 0.00, 0.00, 0.00, 0.00, 1.00, 0.00, 1.00, 0.00, 0.00, 1.00, 0.00, 0.00, 1.00, 0.00, 0.00
120,  0,  4.963,  0.98,  1,  -76.3,  -137.7,  1289.8,  0.485,  0.091,  -0.058, 0.00, 0.00, 0.25, 0.00, 0.00, 0.31, 0.00, 0.40, 0.69, 0.60, 0.00, 0.51, 0.12, 0.00, 0.84, 0.75, 0.00, 0.00, 1.00, 0.00, 0.00, 0.00, 0.00, 0.00, 0.00, 0.00, 1.00, 0.00, 0.00, 1.00, 0.00, 0.00, 1.00, 0.00, 0.00
121,  0,  5.005,  0.98,  1,  -74.9,  -138.6,  1290.1,  0.476,  0.094,  -0.057, 0.00, 0.00, 0.21, 0.00, 0.00, 0.27, 0.00, 0.36, 0.63, 0.63, 0.00, 0.57, 0.19, 0.00, 0.70, 0.88, 0.00, 0.00, 1.00, 0.00, 0.00, 0.00, 0.00, 0.00, 0.00, 0.00, 1.00, 0.00, 0.00, 1.00, 0.00, 0.00, 1.00, 0.00, 0.00
122,  0,  5.047,  0.93,  1,  -73.4,  -138.7,  1288.6,  0.471,  0.096,  -0.056, 0.00, 0.00, 0.15, 0.00, 0.00, 0.21, 0.01, 0.33, 0.57, 0.56, 0.00, 0.53, 0.23, 0.00, 0.75, 0.91, 0.00, 0.00, 1.00, 0.00, 0.00, 0.00, 0.00, 0.00, 0.00, 0.00, 1.00, 0.00, 0.00, 1.00, 0.00, 0.00, 1.00, 0.00, 0.00
123,  0,  5.088,  0.98,  1,  -71.8,  -139.1,  1286.8,  0.459,  0.099,  -0.056, 0.00, 0.00, 0.15, 0.00, 0.00, 0.37, 0.05, 0.36, 0.56, 0.52, 0.00, 0.58, 0.19, 0.00, 0.71, 1.13, 0.00, 0.00, 1.00, 0.00, 0.00, 0.00, 0.00, 0.00, 0.00, 0.00, 1.00, 0.00, 0.00, 1.00, 0.00, 0.00, 1.00, 0.00, 0.00
124,  0,  5.130,  0.98,  1,  -69.5,  -140.8,  1289.9,  0.444,  0.096,  -0.057, 0.00, 0.00, 0.09, 0.00, 0.00, 0.25, 0.08, 0.32, 0.57, 0.44, 0.00, 0.72, 0.12, 0.00, 0.51, 0.97, 0.00, 0.00, 1.00, 0.00, 0.00, 0.00, 0.00, 0.00, 0.00, 0.00, 1.00, 0.00, 0.00, 1.00, 0.00, 0.00, 1.00, 0.00, 0.00
125,  0,  5.172,  0.93,  1,  -67.6,  -146.6,  1308.7,  0.409,  0.072,  -0.048, 0.00, 0.00, 0.06, 0.00, 0.00, 0.20, 0.11, 0.30, 0.55, 0.44, 0.00, 0.89, 0.10, 0.00, 0.23, 0.96, 0.00, 0.00, 1.00, 0.00, 0.00, 0.00, 0.00, 0.00, 0.00, 0.00, 1.00, 0.00, 0.00, 0.00, 0.00, 0.00, 1.00, 0.00, 0.00
126,  0,  5.214,  0.93,  1,  -63.5,  -152.3,  1321.5,  0.365,  0.044,  -0.039, 0.00, 0.00, 0.00, 0.00, 0.00, 0.11, 0.06, 0.24, 0.46, 0.31, 0.00, 0.83, 0.20, 0.00, 0.35, 0.76, 0.06, 0.00, 1.00, 0.00, 0.00, 0.00, 0.00, 0.00, 1.00, 0.00, 1.00, 0.00, 0.00, 0.00, 0.00, 0.00, 0.00, 0.00, 0.00
127,  0,  5.255,  0.98,  1,  -57.3,  -157.8,  1322.0,  0.327,  0.020,  -0.037, 0.11, 0.17, 0.00, 0.00, 0.00, 0.11, 0.16, 0.19, 0.36, 0.17, 0.03, 0.48, 0.15, 0.00, 0.70, 0.55, 0.06, 0.00, 1.00, 0.00, 0.00, 0.00, 0.00, 0.00, 1.00, 0.00, 0.00, 0.00, 0.00, 0.00, 0.00, 0.00, 0.00, 0.00, 0.00
128,  0,  5.297,  0.93,  1,  -40.3,  -174.4,  1350.6,  0.198,  -0.078,  -0.041, 0.47, 0.17, 0.00, 0.00, 0.00, 0.11, 0.21, 0.16, 0.19, 0.00, 0.15, 0.12, 0.12, 0.00, 1.08, 0.25, 0.10, 0.00, 0.00, 0.00, 0.00, 0.00, 0.00, 0.00, 1.00, 0.00, 0.00, 0.00, 0.00, 0.00, 0.00, 0.00, 0.00, 0.00, 0.00
129,  0,  5.339,  0.93,  1,  -32.5,  -178.7,  1349.4,  0.120,  -0.137,  -0.032, 0.80, 0.17, 0.00, 0.00, 0.00, 0.00, 0.25, 0.34, 0.11, 0.00, 0.34, 0.01, 0.00, 0.00, 1.21, 0.00, 0.12, 1.00, 0.00, 0.00, 0.00, 0.00, 0.00, 0.00, 1.00, 0.00, 0.00, 0.00, 0.00, 0.00, 0.00, 0.00, 0.00, 0.00, 1.00
130,  0,  5.380,  0.98,  1,  -23.8,  -179.4,  1332.3,  0.084,  -0.223,  -0.034, 0.87, 0.00, 0.00, 0.00, 0.00, 0.00, 0.18, 0.51, 0.06, 0.00, 0.71, 0.00, 0.00, 0.00, 1.30, 0.25, 0.12, 1.00, 0.00, 0.00, 0.00, 0.00, 0.00, 0.00, 1.00, 0.00, 0.00, 0.00, 0.00, 0.00, 0.00, 0.00, 0.00, 0.00, 1.00
131,  0,  5.422,  0.98,  1,  -15.2,  -179.0,  1321.5,  0.070,  -0.293,  -0.029, 0.76, 0.00, 0.00, 0.00, 0.00, 0.06, 0.24, 0.67, 0.08, 0.00, 0.98, 0.00, 0.00, 0.00, 1.37, 0.42, 0.08, 1.00, 0.00, 0.00, 0.00, 0.00, 0.00, 0.00, 1.00, 0.00, 0.00, 0.00, 0.00, 0.00, 0.00, 0.00, 0.00, 0.00, 1.00
132,  0,  5.464,  0.98,  1,  -7.5,  -180.0,  1323.3,  0.061,  -0.351,  -0.031, 0.52, 0.00, 0.00, 0.00, 0.00, 0.06, 0.34, 0.81, 0.07, 0.00, 1.14, 0.16, 0.00, 0.00, 1.34, 0.48, 0.00, 1.00, 0.00, 0.00, 0.00, 0.00, 0.00, 0.00, 1.00, 0.00, 0.00, 0.00, 0.00, 0.00, 0.00, 0.00, 0.00, 0.00, 1.00
133,  0,  5.505,  0.98,  1,  0.6,  -180.0,  1322.1,  0.044,  -0.404,  -0.038, 0.45, 0.00, 0.00, 0.00, 0.00, 0.06, 0.38, 0.94, 0.05, 0.00, 1.00, 0.25, 0.00, 0.00, 1.39, 0.38, 0.00, 1.00, 0.00, 0.00, 0.00, 0.00, 0.00, 0.00, 1.00, 0.00, 0.00, 0.00, 0.00, 0.00, 0.00, 0.00, 0.00, 0.00, 1.00
134,  0,  5.547,  0.98,  1,  8.1,  -178.0,  1318.0,  0.050,  -0.439,  -0.039, 0.20, 0.00, 0.00, 0.00, 0.00, 0.00, 0.37, 1.14, 0.03, 0.00, 0.80, 0.28, 0.00, 0.00, 1.58, 0.35, 0.00, 1.00, 0.00, 0.00, 0.00, 0.00, 0.00, 0.00, 1.00, 0.00, 0.00, 0.00, 0.00, 0.00, 0.00, 0.00, 0.00, 0.00, 0.00
135,  0,  5.589,  0.98,  1,  15.6,  -175.2,  1319.2,  0.094,  -0.473,  -0.028, 0.11, 0.00, 0.00, 0.00, 0.00, 0.35, 0.26, 1.29, 0.05, 0.00, 0.60, 0.22, 0.00, 0.00, 1.67, 0.66, 0.11, 0.00, 0.00, 0.00, 0.00, 0.00, 0.00, 0.00, 1.00, 0.00, 0.00, 0.00, 0.00, 0.00, 0.00, 0.00, 0.00, 0.00, 0.00
136,  0,  5.631,  0.98,  1,  23.8,  -169.6,  1299.5,  0.137,  -0.522,  -0.019, 0.02, 0.00, 0.00, 0.00, 0.00, 0.56, 0.25, 1.45, 0.04, 0.00, 0.59, 0.27, 0.00, 0.00, 1.65, 0.82, 0.14, 0.00, 0.00, 0.00, 0.00, 0.00, 0.00, 0.00, 1.00, 0.00, 0.00, 0.00, 0.00, 0.00, 0.00, 0.00, 0.00, 0.00, 0.00
137,  0,  5.672,  0.93,  1,  31.2,  -166.2,  1295.4,  0.190,  -0.596,  -0.005, 0.02, 0.00, 0.00, 0.00, 0.00, 0.85, 0.25, 1.57, 0.04, 0.00, 0.69, 0.74, 0.00, 0.03, 1.31, 0.85, 0.14, 0.00, 0.00, 0.00, 0.00, 0.00, 0.00, 0.00, 1.00, 0.00, 0.00, 0.00, 0.00, 0.00, 0.00, 0.00, 0.00, 0.00, 0.00
138,  0,  5.714,  0.93,  1,  38.1,  -164.4,  1288.6,  0.204,  -0.660,  0.001, 0.02, 0.00, 0.06, 0.00, 0.00, 0.70, 0.30, 1.60, 0.00, 0.00, 0.88, 1.43, 0.00, 0.17, 0.92, 0.62, 0.03, 0.00, 0.00, 1.00, 0.00, 0.00, 0.00, 0.00, 1.00, 0.00, 0.00, 0.00, 0.00, 0.00, 0.00, 0.00, 0.00, 0.00, 1.00
139,  0,  5.756,  0.93,  1,  44.6,  -163.6,  1281.4,  0.203,  -0.709,  0.001, 0.00, 0.00, 0.07, 0.00, 0.00, 0.63, 0.33, 1.58, 0.00, 0.00, 1.19, 2.02, 0.00, 0.39, 0.49, 0.45, 0.00, 0.00, 0.00, 1.00, 0.00, 0.00, 0.00, 0.00, 1.00, 0.00, 0.00, 0.00, 0.00, 0.00, 0.00, 0.00, 0.00, 0.00, 1.00
140,  0,  5.797,  0.93,  1,  49.9,  -161.9,  1260.7,  0.193,  -0.741,  0.002, 0.00, 0.00, 0.08, 0.00, 0.00, 0.53, 0.34, 1.43, 0.00, 0.00, 1.53, 2.28, 0.00, 0.58, 0.29, 0.43, 0.00, 0.00, 0.00, 1.00, 0.00, 0.00, 0.00, 0.00, 1.00, 0.00, 0.00, 0.00, 0.00, 0.00, 0.00, 0.00, 0.00, 0.00, 1.00
141,  0,  5.839,  0.93,  1,  54.1,  -160.6,  1243.6,  0.170,  -0.755,  -0.014, 0.00, 0.00, 0.07, 0.00, 0.00, 0.42, 0.38, 1.30, 0.00, 0.00, 1.84, 1.87, 0.00, 0.66, 0.43, 0.55, 0.05, 0.00, 0.00, 1.00, 0.00, 0.00, 0.00, 0.00, 1.00, 0.00, 0.00, 0.00, 0.00, 0.00, 0.00, 0.00, 0.00, 0.00, 1.00
142,  0,  5.881,  0.93,  1,  57.7,  -158.5,  1222.1,  0.125,  -0.770,  -0.047, 0.00, 0.00, 0.08, 0.00, 0.00, 0.41, 0.39, 1.27, 0.00, 0.00, 1.77, 1.42, 0.00, 0.64, 0.60, 0.72, 0.16, 0.00, 0.00, 1.00, 0.00, 0.00, 0.00, 0.00, 1.00, 0.00, 0.00, 0.00, 0.00, 0.00, 0.00, 0.00, 0.00, 0.00, 1.00
143,  0,  5.923,  0.93,  1,  61.0,  -157.6,  1223.5,  0.116,  -0.760,  -0.056, 0.00, 0.00, 0.13, 0.00, 0.00, 0.39, 0.31, 1.32, 0.00, 0.00, 1.51, 0.74, 0.00, 0.59, 0.77, 0.85, 0.26, 0.00, 0.00, 1.00, 0.00, 0.00, 0.00, 0.00, 1.00, 0.00, 0.00, 0.00, 0.00, 0.00, 0.00, 0.00, 0.00, 0.00, 1.00
144,  0,  5.964,  0.93,  1,  64.2,  -156.8,  1231.8,  0.123,  -0.739,  -0.052, 0.00, 0.00, 0.21, 0.00, 0.00, 0.35, 0.37, 1.42, 0.00, 0.00, 1.08, 0.60, 0.00, 0.40, 0.72, 0.96, 0.22, 0.00, 0.00, 1.00, 0.00, 0.00, 0.00, 0.00, 1.00, 0.00, 0.00, 0.00, 0.00, 0.00, 0.00, 0.00, 0.00, 0.00, 1.00
145,  0,  6.006,  0.98,  1,  66.8,  -154.8,  1234.1,  0.132,  -0.719,  -0.052, 0.00, 0.00, 0.39, 0.00, 0.00, 0.32, 0.40, 1.47, 0.00, 0.00, 0.90, 0.70, 0.00, 0.35, 0.72, 0.78, 0.11, 0.00, 0.00, 1.00, 0.00, 0.00, 0.00, 0.00, 1.00, 0.00, 0.00, 0.00, 0.00, 0.00, 0.00, 0.00, 0.00, 0.00, 1.00
146,  0,  6.048,  0.93,  1,  69.4,  -155.5,  1249.4,  0.139,  -0.694,  -0.049, 0.00, 0.00, 0.45, 0.00, 0.00, 0.29, 0.44, 1.53, 0.00, 0.00, 0.79, 0.95, 0.00, 0.32, 0.59, 0.54, 0.00, 0.00, 0.00, 1.00, 0.00, 0.00, 0.00, 0.00, 1.00, 0.00, 0.00, 0.00, 0.00, 0.00, 0.00, 0.00, 0.00, 0.00, 0.00
147,  0,  6.089,  0.93,  1,  71.3,  -155.3,  1248.8,  0.115,  -0.675,  -0.061, 0.00, 0.00, 0.40, 0.00, 0.00, 0.40, 0.41, 1.57, 0.00, 0.00, 0.98, 0.94, 0.00, 0.39, 0.54, 0.19, 0.00, 0.00, 0.00, 1.00, 0.00, 0.00, 0.00, 0.00, 1.00, 0.00, 0.00, 0.00, 0.00, 0.00, 0.00, 0.00, 0.00, 0.00, 0.00
148,  0,  6.131,  0.88,  1,  72.4,  -156.1,  1253.4,  0.095,  -0.660,  -0.066, 0.00, 0.00, 0.20, 0.00, 0.00, 0.31, 0.31, 1.57, 0.01, 0.00, 0.95, 0.68, 0.00, 0.33, 0.43, 0.06, 0.00, 0.00, 0.00, 1.00, 1.00, 0.00, 0.00, 0.00, 1.00, 0.00, 0.00, 0.00, 0.00, 0.00, 0.00, 0.00, 0.00, 0.00, 0.00
149,  0,  6.173,  0.88,  1,  72.5,  -158.6,  1279.5,  0.084,  -0.610,  -0.066, 0.00, 0.00, 0.08, 0.00, 0.00, 0.16, 0.19, 1.41, 0.08, 0.00, 0.87, 0.35, 0.00, 0.19, 0.48, 0.01, 0.37, 0.00, 0.00, 0.00, 1.00, 0.00, 0.00, 0.00, 1.00, 0.00, 0.00, 0.00, 0.00, 0.00, 0.00, 0.00, 0.00, 0.00, 0.00
150,  0,  6.215,  0.88,  1,  70.7,  -164.5,  1336.0,  0.082,  -0.562,  -0.061, 0.02, 0.00, 0.00, 0.03, 0.00, 0.00, 0.05, 0.95, 0.15, 0.00, 0.46, 0.12, 0.00, 0.11, 0.29, 0.00, 0.62, 0.00, 0.00, 0.00, 1.00, 0.00, 0.00, 0.00, 1.00, 0.00, 0.00, 0.00, 0.00, 0.00, 0.00, 0.00, 0.00, 0.00, 1.00
151,  0,  6.256,  0.88,  1,  65.3,  -167.6,  1359.6,  0.070,  -0.459,  -0.067, 0.02, 0.00, 0.00, 0.03, 0.00, 0.00, 0.00, 0.45, 0.15, 0.00, 0.18, 0.49, 0.00, 0.01, 0.18, 0.22, 1.08, 0.00, 0.00, 0.00, 1.00, 0.00, 0.00, 0.00, 0.00, 0.00, 0.00, 0.00, 0.00, 0.00, 0.00, 0.00, 0.00, 0.00, 1.00
152,  0,  6.298,  0.93,  1,  32.9,  -159.5,  1321.7,  0.329,  0.168,  -0.049, 0.02, 0.00, 0.00, 0.03, 0.00, 0.00, 0.00, 0.09, 0.18, 0.00, 0.03, 1.03, 0.00, 0.01, 0.00, 0.25, 1.17, 0.00, 0.00, 0.00, 1.00, 0.00, 0.00, 0.00, 0.00, 0.00, 0.00, 0.00, 1.00, 0.00, 0.00, 0.00, 0.00, 0.00, 1.00
153,  0,  6.340,  0.88,  1,  23.3,  -154.0,  1293.8,  0.367,  0.279,  -0.064, 0.00, 0.00, 0.00, 0.00, 0.00, 0.00, 0.00, 0.31, 0.22, 0.00, 0.03, 1.47, 0.00, 0.00, 0.03, 0.47, 1.12, 0.00, 0.00, 0.00, 0.00, 0.00, 0.00, 0.00, 0.00, 0.00, 0.00, 0.00, 1.00, 0.00, 0.00, 0.00, 0.00, 0.00, 1.00
154,  0,  6.381,  0.93,  1,  15.4,  -152.3,  1295.5,  0.388,  0.352,  -0.068, 0.00, 0.04, 0.06, 0.02, 0.00, 0.00, 0.00, 0.69, 0.29, 0.00, 0.03, 1.48, 0.00, 0.00, 0.12, 0.55, 0.68, 0.00, 0.00, 0.00, 0.00, 0.00, 0.00, 0.00, 0.00, 0.00, 0.00, 0.00, 1.00, 0.00, 0.00, 0.00, 0.00, 0.00, 1.00
155,  0,  6.423,  0.93,  1,  9.3,  -149.6,  1301.4,  0.398,  0.399,  -0.059, 0.00, 0.04, 0.27, 0.03, 0.00, 0.00, 0.05, 1.02, 0.28, 0.05, 0.00, 1.46, 0.00, 0.00, 0.12, 0.68, 0.23, 0.00, 0.00, 0.00, 0.00, 0.00, 0.00, 0.00, 0.00, 0.00, 0.00, 0.00, 1.00, 0.00, 0.00, 0.00, 0.00, 0.00, 0.00
156,  0,  6.465,  0.93,  1,  4.1,  -145.3,  1292.3,  0.405,  0.432,  -0.057, 0.00, 0.04, 0.47, 0.03, 0.00, 0.00, 0.09, 1.09, 0.27, 0.05, 0.00, 1.64, 0.00, 0.12, 0.12, 0.63, 0.02, 0.00, 0.00, 1.00, 0.00, 0.00, 0.00, 0.00, 0.00, 0.00, 0.00, 0.00, 1.00, 0.00, 0.00, 0.00, 0.00, 0.00, 0.00
157,  0,  6.506,  0.93,  1,  0.0,  -141.4,  1280.7,  0.405,  0.461,  -0.060, 0.00, 0.00, 0.59, 0.09, 0.00, 0.02, 0.19, 1.07, 0.29, 0.05, 0.00, 1.67, 0.00, 0.30, 0.03, 0.70, 0.00, 0.00, 0.00, 1.00, 0.00, 0.00, 0.00, 0.00, 0.00, 0.00, 0.00, 0.00, 1.00, 0.00, 0.00, 0.00, 0.00, 0.00, 0.00
158,  0,  6.548,  0.93,  1,  -3.3,  -139.5,  1281.2,  0.411,  0.471,  -0.065, 0.02, 0.00, 0.59, 0.13, 0.00, 0.11, 0.20, 1.10, 0.32, 0.00, 0.00, 1.86, 0.00, 0.50, 0.03, 0.81, 0.00, 0.00, 0.00, 1.00, 0.00, 0.00, 0.00, 0.00, 0.00, 0.00, 0.00, 0.00, 1.00, 0.00, 0.00, 0.00, 0.00, 0.00, 0.00
159,  0,  6.590,  0.93,  1,  -6.1,  -139.2,  1283.8,  0.401,  0.476,  -0.063, 0.05, 0.00, 0.63, 0.13, 0.00, 0.14, 0.27, 1.14, 0.35, 0.00, 0.00, 2.04, 0.00, 0.57, 0.00, 0.84, 0.00, 0.00, 0.00, 1.00, 0.00, 0.00, 0.00, 0.00, 0.00, 0.00, 0.00, 0.00, 1.00, 0.00, 0.00, 0.00, 0.00, 0.00, 0.00
160,  0,  6.632,  0.93,  1,  -7.4,  -139.1,  1280.4,  0.393,  0.485,  -0.063, 0.05, 0.00, 0.76, 0.05, 0.06, 0.27, 0.24, 1.27, 0.43, 0.00, 0.07, 2.14, 0.00, 0.66, 0.00, 0.75, 0.00, 0.00, 0.00, 1.00, 0.00, 0.00, 0.00, 0.00, 0.00, 0.00, 0.00, 0.00, 1.00, 0.00, 0.00, 0.00, 0.00, 0.00, 0.00
161,  0,  6.673,  0.98,  1,  -8.1,  -138.6,  1272.5,  0.401,  0.494,  -0.070, 0.03, 0.00, 0.82, 0.01, 0.10, 0.39, 0.34, 1.33, 0.49, 0.00, 0.07, 1.95, 0.00, 0.69, 0.00, 0.98, 0.00, 0.00, 0.00, 1.00, 0.00, 0.00, 0.00, 0.00, 1.00, 0.00, 0.00, 0.00, 1.00, 0.00, 0.00, 0.00, 0.00, 0.00, 0.00
162,  0,  6.715,  0.98,  1,  -9.3,  -139.9,  1271.5,  0.387,  0.496,  -0.065, 0.02, 0.00, 0.81, 0.01, 0.17, 0.53, 0.43, 1.46, 0.54, 0.00, 0.08, 1.56, 0.00, 0.71, 0.00, 1.32, 0.00, 0.00, 0.00, 1.00, 0.00, 0.00, 0.00, 0.00, 1.00, 0.00, 0.00, 0.00, 1.00, 0.00, 0.00, 0.00, 0.00, 0.00, 0.00
163,  0,  6.757,  0.98,  1,  -10.4,  -141.0,  1273.0,  0.384,  0.496,  -0.063, 0.02, 0.00, 0.71, 0.00, 0.16, 0.50, 0.53, 1.51, 0.55, 0.16, 0.01, 1.44, 0.00, 0.63, 0.00, 1.43, 0.00, 0.00, 0.00, 1.00, 0.00, 0.00, 0.00, 0.00, 1.00, 0.00, 0.00, 0.00, 1.00, 0.00, 0.00, 0.00, 0.00, 0.00, 0.00
164,  0,  6.798,  0.98,  1,  -11.4,  -142.5,  1280.2,  0.379,  0.489,  -0.056, 0.02, 0.00, 0.59, 0.00, 0.20, 0.57, 0.55, 1.64, 0.59, 0.31, 0.01, 1.51, 0.00, 0.62, 0.00, 1.33, 0.00, 0.00, 0.00, 1.00, 0.00, 0.00, 0.00, 0.00, 1.00, 0.00, 1.00, 0.00, 1.00, 0.00, 0.00, 0.00, 0.00, 0.00, 0.00
165,  0,  6.840,  0.98,  1,  -12.5,  -143.9,  1285.8,  0.384,  0.480,  -0.054, 0.03, 0.00, 0.53, 0.00, 0.21, 0.54, 0.49, 1.57, 0.62, 0.50, 0.00, 1.66, 0.00, 0.60, 0.00, 1.17, 0.00, 0.00, 0.00, 1.00, 0.00, 0.00, 0.00, 0.00, 1.00, 0.00, 1.00, 0.00, 1.00, 0.00, 0.00, 0.00, 0.00, 0.00, 0.00
166,  0,  6.882,  0.98,  1,  -13.4,  -144.7,  1288.6,  0.382,  0.479,  -0.052, 0.03, 0.00, 0.53, 0.08, 0.20, 0.60, 0.46, 1.55, 0.62, 0.53, 0.00, 1.67, 0.00, 0.61, 0.00, 1.23, 0.00, 0.00, 0.00, 1.00, 0.00, 0.00, 0.00, 0.00, 1.00, 0.00, 1.00, 0.00, 1.00, 0.00, 0.00, 0.00, 0.00, 0.00, 0.00
167,  0,  6.924,  0.98,  1,  -14.0,  -145.4,  1288.5,  0.376,  0.483,  -0.047, 0.03, 0.00, 0.61, 0.13, 0.14, 0.50, 0.43, 1.55, 0.60, 0.54, 0.00, 1.73, 0.00, 0.61, 0.06, 1.23, 0.00, 0.00, 0.00, 1.00, 0.00, 0.00, 0.00, 0.00, 1.00, 0.00, 1.00, 0.00, 1.00, 0.00, 0.00, 0.00, 0.00, 0.00, 0.00
168,  0,  6.965,  0.98,  1,  -14.6,  -145.4,  1283.4,  0.374,  0.489,  -0.046, 0.00, 0.00, 0.69, 0.13, 0.06, 0.52, 0.45, 1.68, 0.60, 0.49, 0.00, 1.76, 0.00, 0.66, 0.16, 1.31, 0.00, 0.00, 0.00, 1.00, 0.00, 0.00, 0.00, 0.00, 1.00, 0.00, 1.00, 0.00, 1.00, 0.00, 0.00, 0.00, 0.00, 0.00, 0.00
169,  0,  7.007,  0.98,  1,  -15.2,  -146.1,  1285.4,  0.364,  0.489,  -0.042, 0.07, 0.09, 0.70, 0.05, 0.04, 0.37, 0.41, 1.72, 0.67, 0.55, 0.00, 1.92, 0.00, 0.63, 0.20, 1.28, 0.00, 0.00, 0.00, 1.00, 0.00, 0.00, 0.00, 0.00, 1.00, 0.00, 1.00, 0.00, 1.00, 0.00, 0.00, 0.00, 0.00, 0.00, 0.00
170,  0,  7.049,  0.98,  1,  -15.5,  -146.6,  1286.6,  0.366,  0.490,  -0.042, 0.14, 0.09, 0.66, 0.00, 0.03, 0.41, 0.35, 1.63, 0.72, 0.63, 0.03, 2.04, 0.00, 0.61, 0.14, 1.38, 0.00, 0.00, 0.00, 1.00, 0.00, 0.00, 0.00, 0.00, 1.00, 0.00, 1.00, 0.00, 1.00, 0.00, 0.00, 0.00, 0.00, 0.00, 0.00
171,  0,  7.090,  0.98,  1,  -15.1,  -147.2,  1284.9,  0.366,  0.487,  -0.038, 0.24, 0.09, 0.67, 0.00, 0.03, 0.28, 0.20, 1.41, 0.68, 0.57, 0.03, 2.17, 0.00, 0.52, 0.06, 1.37, 0.00, 0.00, 0.00, 1.00, 0.00, 0.00, 0.00, 0.00, 1.00, 0.00, 1.00, 0.00, 1.00, 0.00, 0.00, 0.00, 0.00, 0.00, 0.00
172,  0,  7.132,  0.98,  1,  -15.1,  -148.1,  1277.0,  0.349,  0.504,  -0.025, 0.40, 0.00, 0.74, 0.00, 0.01, 0.23, 0.09, 1.12, 0.52, 0.33, 0.03, 2.32, 0.00, 0.35, 0.02, 1.22, 0.00, 0.00, 0.00, 1.00, 0.00, 0.00, 0.00, 0.00, 0.00, 0.00, 0.00, 0.00, 1.00, 0.00, 0.00, 0.00, 0.00, 0.00, 0.00
173,  0,  7.174,  0.93,  1,  -15.0,  -151.6,  1279.2,  0.324,  0.515,  -0.003, 0.58, 0.00, 0.84, 0.06, 0.00, 0.03, 0.00, 0.91, 0.27, 0.09, 0.00, 2.56, 0.00, 0.25, 0.02, 0.86, 0.00, 0.00, 0.00, 1.00, 0.00, 0.00, 0.00, 0.00, 0.00, 0.00, 0.00, 0.00, 1.00, 0.00, 0.00, 0.00, 0.00, 0.00, 0.00
174,  0,  7.216,  0.93,  1,  -15.2,  -156.2,  1287.1,  0.282,  0.523,  0.026, 0.56, 0.00, 0.77, 0.06, 0.00, 0.00, 0.00, 0.83, 0.16, 0.00, 0.00, 2.61, 0.17, 0.17, 0.00, 0.59, 0.00, 0.00, 0.00, 1.00, 0.00, 0.00, 0.00, 0.00, 0.00, 0.00, 0.00, 0.00, 1.00, 0.00, 0.00, 0.00, 0.00, 0.00, 0.00
175,  0,  7.257,  0.93,  1,  -15.4,  -160.4,  1289.4,  0.244,  0.511,  0.055, 0.41, 0.00, 0.66, 0.06, 0.00, 0.00, 0.00, 0.96, 0.11, 0.00, 0.00, 2.47, 0.34, 0.17, 0.00, 0.38, 0.00, 0.00, 0.00, 1.00, 0.00, 0.00, 0.00, 0.00, 0.00, 0.00, 0.00, 0.00, 1.00, 0.00, 0.00, 0.00, 0.00, 0.00, 0.00
176,  0,  7.299,  0.98,  1,  -18.3,  -163.6,  1293.9,  0.222,  0.499,  0.075, 0.18, 0.00, 0.49, 0.00, 0.00, 0.00, 0.00, 1.06, 0.18, 0.00, 0.00, 2.20, 0.53, 0.08, 0.00, 0.24, 0.00, 0.00, 0.00, 1.00, 0.00, 0.00, 0.00, 0.00, 0.00, 0.00, 0.00, 0.00, 1.00, 0.00, 0.00, 0.00, 0.00, 0.00, 0.00
177,  0,  7.341,  0.98,  1,  -22.6,  -166.4,  1300.7,  0.215,  0.484,  0.083, 0.14, 0.00, 0.52, 0.00, 0.00, 0.00, 0.03, 1.09, 0.18, 0.00, 0.00, 2.10, 0.55, 0.06, 0.00, 0.08, 0.00, 0.00, 0.00, 1.00, 0.00, 0.00, 0.00, 0.00, 0.00, 0.00, 0.00, 0.00, 1.00, 0.00, 0.00, 0.00, 0.00, 0.00, 0.00
178,  0,  7.382,  0.98,  1,  -27.7,  -169.0,  1304.1,  0.202,  0.475,  0.091, 0.13, 0.00, 0.56, 0.00, 0.00, 0.00, 0.03, 1.02, 0.21, 0.00, 0.00, 2.04, 0.54, 0.04, 0.00, 0.00, 0.01, 0.00, 0.00, 1.00, 0.00, 0.00, 0.00, 0.00, 0.00, 0.00, 0.00, 0.00, 1.00, 0.00, 0.00, 0.00, 0.00, 0.00, 0.00
179,  0,  7.424,  0.98,  1,  -33.5,  -171.4,  1302.8,  0.191,  0.467,  0.099, 0.15, 0.00, 0.59, 0.00, 0.00, 0.00, 0.03, 0.96, 0.23, 0.00, 0.00, 1.98, 0.47, 0.03, 0.00, 0.00, 0.01, 0.00, 0.00, 1.00, 0.00, 0.00, 0.00, 0.00, 0.00, 0.00, 0.00, 0.00, 1.00, 0.00, 0.00, 0.00, 0.00, 0.00, 0.00
180,  0,  7.466,  0.98,  1,  -39.8,  -172.9,  1300.2,  0.192,  0.458,  0.098, 0.23, 0.00, 0.57, 0.00, 0.00, 0.00, 0.00, 0.96, 0.25, 0.00, 0.00, 1.97, 0.48, 0.00, 0.00, 0.00, 0.01, 0.00, 0.00, 1.00, 0.00, 0.00, 0.00, 0.00, 0.00, 0.00, 0.00, 0.00, 1.00, 0.00, 0.00, 0.00, 0.00, 0.00, 1.00
181,  0,  7.508,  0.98,  1,  -46.9,  -174.0,  1297.4,  0.195,  0.451,  0.093, 0.23, 0.00, 0.53, 0.00, 0.00, 0.00, 0.02, 1.08, 0.26, 0.07, 0.00, 1.98, 0.45, 0.00, 0.00, 0.00, 0.00, 0.00, 0.00, 1.00, 0.00, 0.00, 0.00, 0.00, 0.00, 0.00, 0.00, 0.00, 1.00, 0.00, 0.00, 0.00, 0.00, 0.00, 1.00
182,  0,  7.549,  0.98,  1,  -54.2,  -174.5,  1296.1,  0.186,  0.441,  0.094, 0.24, 0.00, 0.53, 0.00, 0.00, 0.00, 0.02, 1.22, 0.25, 0.07, 0.00, 2.00, 0.56, 0.00, 0.05, 0.00, 0.01, 0.00, 0.00, 1.00, 0.00, 0.00, 0.00, 0.00, 0.00, 0.00, 0.00, 0.00, 1.00, 0.00, 0.00, 0.00, 0.00, 0.00, 1.00
183,  0,  7.591,  0.98,  1,  -62.1,  -174.5,  1292.7,  0.187,  0.424,  0.096, 0.13, 0.00, 0.53, 0.00, 0.00, 0.00, 0.06, 1.38, 0.25, 0.07, 0.00, 1.95, 0.59, 0.00, 0.28, 0.21, 0.09, 0.00, 0.00, 1.00, 0.00, 0.00, 0.00, 0.00, 0.00, 0.00, 0.00, 0.00, 1.00, 1.00, 0.00, 0.00, 0.00, 0.00, 1.00
184,  0,  7.633,  0.98,  1,  -70.0,  -173.5,  1284.2,  0.190,  0.423,  0.094, 0.07, 0.00, 0.61, 0.00, 0.00, 0.00, 0.09, 1.41, 0.24, 0.00, 0.00, 1.99, 0.74, 0.00, 0.46, 0.49, 0.09, 0.00, 0.00, 1.00, 0.00, 0.00, 0.00, 0.00, 1.00, 0.00, 0.00, 0.00, 1.00, 1.00, 0.00, 0.00, 0.00, 0.00, 1.00
185,  0,  7.674,  0.98,  1,  -78.2,  -173.1,  1282.8,  0.192,  0.415,  0.094, 0.01, 0.00, 0.66, 0.00, 0.00, 0.00, 0.16, 1.45, 0.25, 0.00, 0.00, 1.85, 0.82, 0.00, 0.62, 0.72, 0.19, 0.00, 0.00, 1.00, 0.00, 0.00, 0.00, 0.00, 1.00, 0.00, 0.00, 0.00, 1.00, 1.00, 0.00, 0.00, 0.00, 0.00, 1.00
186,  0,  7.716,  0.98,  1,  -86.0,  -173.6,  1289.1,  0.190,  0.397,  0.094, 0.01, 0.00, 0.68, 0.00, 0.00, 0.00, 0.12, 1.41, 0.27, 0.00, 0.00, 1.87, 0.96, 0.00, 0.64, 0.62, 0.58, 0.00, 0.00, 1.00, 0.00, 0.00, 0.00, 0.00, 1.00, 0.00, 0.00, 0.00, 1.00, 1.00, 0.00, 0.00, 0.00, 0.00, 1.00
187,  0,  7.758,  0.98,  1,  -94.2,  -174.5,  1306.4,  0.188,  0.379,  0.096, 0.00, 0.11, 0.50, 0.03, 0.00, 0.00, 0.10, 1.44, 0.37, 0.00, 0.00, 1.60, 1.07, 0.00, 0.79, 0.47, 1.33, 0.00, 0.00, 1.00, 0.00, 0.00, 0.00, 0.00, 1.00, 0.00, 0.00, 0.00, 1.00, 1.00, 0.00, 0.00, 0.00, 0.00, 1.00
188,  0,  7.799,  0.98,  1,  -101.6,  -176.0,  1323.5,  0.177,  0.345,  0.096, 0.00, 0.12, 0.30, 0.03, 0.00, 0.00, 0.03, 1.31, 0.53, 0.00, 0.02, 1.25, 1.21, 0.00, 0.94, 0.24, 2.02, 0.00, 0.00, 1.00, 0.00, 0.00, 0.00, 0.00, 1.00, 1.00, 0.00, 0.00, 0.00, 1.00, 0.00, 1.00, 0.00, 0.00, 1.00
189,  0,  7.841,  0.98,  1,  -106.9,  -176.8,  1332.8,  0.165,  0.289,  0.094, 0.00, 0.16, 0.10, 0.03, 0.00, 0.00, 0.03, 1.22, 0.66, 0.00, 0.06, 0.79, 1.13, 0.00, 1.11, 0.22, 2.14, 0.00, 0.00, 0.00, 0.00, 0.00, 0.00, 0.00, 1.00, 1.00, 0.00, 0.00, 0.00, 1.00, 0.00, 1.00, 0.00, 0.00, 1.00
190,  0,  7.883,  0.98,  1,  -110.1,  -175.7,  1327.7,  0.122,  0.256,  0.086, 0.00, 0.05, 0.02, 0.01, 0.00, 0.00, 0.00, 1.00, 0.63, 0.00, 0.11, 0.54, 1.00, 0.00, 1.25, 0.31, 2.05, 0.00, 0.00, 0.00, 0.00, 0.00, 0.00, 0.00, 1.00, 1.00, 0.00, 0.00, 0.00, 1.00, 0.00, 1.00, 0.00, 0.00, 1.00
191,  0,  7.925,  0.93,  1,  -112.8,  -174.2,  1322.7,  0.103,  0.202,  0.081, 0.00, 0.03, 0.00, 0.00, 0.00, 0.00, 0.00, 0.77, 0.52, 0.00, 0.13, 0.67, 0.77, 0.00, 1.47, 0.80, 1.83, 0.00, 0.00, 0.00, 0.00, 0.00, 0.00, 0.00, 1.00, 1.00, 0.00, 0.00, 0.00, 1.00, 0.00, 1.00, 1.00, 0.00, 1.00
192,  0,  7.966,  0.93,  1,  -115.7,  -172.1,  1314.3,  0.115,  0.155,  0.077, 0.00, 0.00, 0.00, 0.00, 0.00, 0.11, 0.00, 0.55, 0.44, 0.00, 0.12, 0.76, 0.67, 0.00, 1.58, 1.14, 1.67, 0.00, 0.00, 0.00, 0.00, 0.00, 0.00, 0.00, 1.00, 0.00, 0.00, 0.00, 0.00, 1.00, 0.00, 1.00, 1.00, 0.00, 1.00
193,  0,  8.008,  0.93,  1,  -119.3,  -169.7,  1311.2,  0.157,  0.113,  0.070, 0.00, 0.00, 0.00, 0.00, 0.00, 0.25, 0.00, 0.36, 0.41, 0.00, 0.07, 0.85, 0.61, 0.00, 1.59, 1.28, 1.34, 0.00, 0.00, 0.00, 0.00, 0.00, 0.00, 0.00, 1.00, 0.00, 0.00, 0.00, 0.00, 1.00, 0.00, 1.00, 1.00, 0.00, 1.00
194,  0,  8.050,  0.98,  1,  -123.5,  -167.3,  1319.7,  0.211,  0.094,  0.061, 0.00, 0.00, 0.00, 0.00, 0.00, 0.25, 0.00, 0.24, 0.36, 0.00, 0.03, 0.85, 0.48, 0.00, 1.44, 0.87, 0.89, 0.00, 0.00, 0.00, 0.00, 0.00, 0.00, 0.00, 1.00, 0.00, 0.00, 0.00, 0.00, 1.00, 0.00, 1.00, 1.00, 0.00, 1.00
195,  0,  8.091,  0.98,  1,  -126.4,  -164.0,  1330.4,  0.286,  0.036,  0.047, 0.00, 0.00, 0.00, 0.00, 0.00, 0.14, 0.00, 0.09, 0.30, 0.00, 0.00, 0.80, 0.41, 0.00, 1.16, 0.44, 0.46, 0.00, 0.00, 0.00, 0.00, 0.00, 0.00, 0.00, 1.00, 0.00, 0.00, 0.00, 0.00, 1.00, 0.00, 1.00, 1.00, 0.00, 1.00
196,  0,  8.133,  0.98,  1,  -128.1,  -159.0,  1325.8,  0.368,  0.020,  0.033, 0.00, 0.00, 0.00, 0.00, 0.00, 0.00, 0.00, 0.01, 0.24, 0.00, 0.00, 0.79, 0.27, 0.00, 0.81, 0.08, 0.13, 0.00, 0.00, 0.00, 0.00, 0.00, 0.00, 0.00, 1.00, 0.00, 0.00, 0.00, 0.00, 1.00, 0.00, 1.00, 0.00, 0.00, 0.00
197,  0,  8.175,  0.98,  1,  -128.5,  -153.7,  1312.7,  0.437,  0.014,  0.026, 0.00, 0.00, 0.00, 0.00, 0.00, 0.12, 0.00, 0.04, 0.29, 0.01, 0.00, 0.66, 0.22, 0.00, 0.47, 0.00, 0.00, 0.00, 0.00, 0.00, 0.00, 0.00, 0.00, 0.00, 1.00, 0.00, 0.00, 0.00, 0.00, 1.00, 0.00, 0.00, 0.00, 0.00, 0.00
198,  0,  8.217,  0.98,  1,  -129.0,  -150.9,  1306.3,  0.468,  0.007,  0.019, 0.00, 0.00, 0.00, 0.00, 0.00, 0.20, 0.00, 0.23, 0.41, 0.06, 0.00, 0.61, 0.14, 0.00, 0.30, 0.00, 0.00, 0.00, 0.00, 0.00, 0.00, 0.00, 0.00, 0.00, 1.00, 0.00, 1.00, 0.00, 0.00, 1.00, 0.00, 0.00, 0.00, 0.00, 0.00
199,  0,  8.258,  0.98,  1,  -129.5,  -151.0,  1310.6,  0.481,  -0.012,  0.004, 0.00, 0.00, 0.00, 0.00, 0.00, 0.21, 0.00, 0.39, 0.52, 0.19, 0.00, 0.58, 0.09, 0.00, 0.25, 0.05, 0.02, 0.00, 0.00, 0.00, 0.00, 0.00, 0.00, 0.00, 1.00, 0.00, 1.00, 0.00, 0.00, 1.00, 0.00, 0.00, 0.00, 0.00, 0.00
200,  0,  8.300,  0.98,  1,  -129.1,  -151.3,  1314.6,  0.474,  -0.018,  0.000, 0.00, 0.00, 0.00, 0.00, 0.00, 0.13, 0.00, 0.54, 0.61, 0.33, 0.00, 0.53, 0.06, 0.00, 0.30, 0.05, 0.08, 0.00, 0.00, 0.00, 0.00, 0.00, 0.00, 0.00, 1.00, 0.00, 1.00, 0.00, 0.00, 1.00, 0.00, 0.00, 0.00, 0.00, 0.00
201,  0,  8.342,  0.98,  1,  -127.9,  -151.2,  1315.3,  0.476,  -0.025,  -0.006, 0.00, 0.00, 0.03, 0.00, 0.00, 0.08, 0.03, 0.51, 0.64, 0.43, 0.00, 0.52, 0.03, 0.00, 0.34, 0.06, 0.08, 0.00, 0.00, 0.00, 1.00, 0.00, 0.00, 0.00, 1.00, 0.00, 1.00, 0.00, 0.00, 0.00, 0.00, 0.00, 0.00, 0.00, 0.00
202,  0,  8.383,  0.98,  1,  -125.8,  -151.4,  1316.0,  0.469,  -0.027,  -0.010, 0.00, 0.00, 0.08, 0.00, 0.00, 0.16, 0.06, 0.55, 0.66, 0.41, 0.00, 0.52, 0.05, 0.00, 0.37, 0.03, 0.06, 0.00, 0.00, 0.00, 1.00, 0.00, 0.00, 0.00, 1.00, 0.00, 1.00, 0.00, 0.00, 0.00, 0.00, 0.00, 0.00, 0.00, 0.00
203,  0,  8.425,  0.98,  1,  -123.3,  -151.5,  1313.7,  0.459,  -0.022,  -0.012, 0.00, 0.00, 0.08, 0.00, 0.00, 0.20, 0.10, 0.45, 0.65, 0.31, 0.00, 0.60, 0.03, 0.00, 0.41, 0.03, 0.00, 0.00, 0.00, 0.00, 1.00, 0.00, 0.00, 0.00, 1.00, 0.00, 1.00, 0.00, 0.00, 0.00, 0.00, 0.00, 0.00, 0.00, 0.00
204,  0,  8.467,  0.98,  1,  -121.0,  -151.5,  1316.0,  0.455,  -0.028,  -0.013, 0.00, 0.00, 0.05, 0.00, 0.00, 0.18, 0.10, 0.41, 0.64, 0.26, 0.00, 0.62, 0.05, 0.00, 0.49, 0.02, 0.00, 0.00, 0.00, 0.00, 1.00, 0.00, 0.00, 0.00, 1.00, 0.00, 1.00, 0.00, 0.00, 0.00, 0.00, 0.00, 0.00, 0.00, 0.00
205,  0,  8.508,  0.98,  1,  -118.7,  -151.5,  1315.5,  0.453,  -0.030,  -0.013, 0.00, 0.00, 0.00, 0.00, 0.00, 0.12, 0.07, 0.34, 0.69, 0.27, 0.00, 0.52, 0.09, 0.00, 0.65, 0.06, 0.04, 0.00, 0.00, 0.00, 1.00, 0.00, 0.00, 0.00, 1.00, 0.00, 1.00, 0.00, 0.00, 0.00, 0.00, 0.00, 0.00, 0.00, 0.00
206,  0,  8.550,  0.98,  1,  -115.9,  -151.1,  1318.0,  0.462,  -0.037,  -0.013, 0.00, 0.00, 0.00, 0.00, 0.00, 0.05, 0.03, 0.32, 0.78, 0.37, 0.00, 0.41, 0.17, 0.00, 0.91, 0.06, 0.61, 0.00, 0.00, 0.00, 1.00, 0.00, 0.00, 0.00, 1.00, 0.00, 1.00, 0.00, 0.00, 0.00, 0.00, 1.00, 0.00, 0.00, 0.00
207,  0,  8.592,  0.93,  1,  -113.7,  -154.0,  1345.4,  0.455,  -0.062,  -0.007, 0.00, 0.00, 0.00, 0.01, 0.00, 0.03, 0.01, 0.25, 0.91, 0.40, 0.00, 0.21, 0.18, 0.00, 1.13, 0.06, 1.15, 0.00, 0.00, 0.00, 1.00, 0.00, 0.00, 0.00, 1.00, 0.00, 1.00, 0.00, 0.00, 0.00, 0.00, 1.00, 0.00, 0.00, 1.00
208,  0,  8.634,  0.93,  1,  -108.1,  -155.4,  1342.7,  0.418,  -0.089,  -0.004, 0.00, 0.00, 0.00, 0.01, 0.00, 0.00, 0.01, 0.27, 0.97, 0.48, 0.22, 0.11, 0.12, 0.00, 1.23, 0.02, 1.58, 0.00, 0.00, 0.00, 1.00, 0.00, 0.00, 0.00, 1.00, 0.00, 1.00, 0.00, 0.00, 0.00, 0.00, 1.00, 0.00, 0.00, 1.00
209,  0,  8.675,  0.98,  1,  -101.8,  -159.2,  1341.1,  0.366,  -0.145,  0.005, 0.00, 0.00, 0.00, 0.01, 0.00, 0.00, 0.01, 0.38, 0.93, 0.44, 0.43, 0.00, 0.03, 0.00, 1.24, 0.27, 1.46, 0.00, 0.00, 0.00, 1.00, 0.00, 0.00, 0.00, 1.00, 0.00, 1.00, 0.00, 0.00, 0.00, 0.00, 1.00, 0.00, 0.00, 1.00
210,  0,  8.717,  0.93,  1,  -95.0,  -162.6,  1333.0,  0.318,  -0.219,  0.013, 0.00, 0.00, 0.00, 0.00, 0.00, 0.00, 0.00, 0.56, 0.82, 0.31, 0.71, 0.00, 0.00, 0.00, 1.15, 0.64, 1.29, 0.00, 0.00, 0.00, 0.00, 0.00, 0.00, 0.00, 1.00, 0.00, 1.00, 0.00, 0.00, 0.00, 0.00, 1.00, 1.00, 0.00, 1.00
211,  0,  8.759,  0.98,  1,  -88.3,  -166.7,  1329.2,  0.230,  -0.284,  0.004, 0.00, 0.00, 0.00, 0.00, 0.00, 0.00, 0.00, 0.69, 0.77, 0.11, 0.75, 0.00, 0.00, 0.00, 1.16, 1.00, 0.96, 0.00, 0.00, 0.00, 0.00, 0.00, 0.00, 0.00, 1.00, 0.00, 1.00, 0.00, 0.00, 0.00, 0.00, 0.00, 1.00, 0.00, 1.00
212,  0,  8.800,  0.98,  1,  -82.4,  -169.3,  1324.4,  0.174,  -0.340,  -0.005, 0.00, 0.00, 0.00, 0.00, 0.00, 0.00, 0.00, 0.86, 0.84, 0.00, 0.65, 0.00, 0.00, 0.00, 1.08, 1.01, 0.56, 0.00, 0.00, 0.00, 0.00, 0.00, 0.00, 0.00, 1.00, 0.00, 1.00, 0.00, 0.00, 0.00, 0.00, 0.00, 1.00, 0.00, 1.00
213,  0,  8.842,  0.98,  1,  -77.5,  -170.3,  1320.6,  0.163,  -0.363,  -0.008, 0.00, 0.00, 0.00, 0.00, 0.00, 0.00, 0.04, 1.01, 0.85, 0.00, 0.54, 0.00, 0.00, 0.00, 1.24, 0.63, 0.34, 0.00, 0.00, 0.00, 0.00, 0.00, 0.00, 0.00, 1.00, 0.00, 1.00, 0.00, 0.00, 0.00, 0.00, 0.00, 1.00, 0.00, 1.00
214,  0,  8.884,  0.98,  1,  -74.3,  -172.7,  1339.4,  0.224,  -0.347,  -0.012, 0.00, 0.00, 0.00, 0.00, 0.00, 0.00, 0.07, 1.19, 0.85, 0.06, 0.62, 0.00, 0.00, 0.00, 1.30, 0.26, 0.34, 0.00, 0.00, 0.00, 0.00, 0.00, 0.00, 0.00, 1.00, 0.00, 1.00, 0.00, 0.00, 0.00, 0.00, 0.00, 0.00, 0.00, 1.00
215,  0,  8.926,  0.98,  1,  -70.2,  -173.0,  1350.1,  0.278,  -0.344,  -0.014, 0.01, 0.00, 0.02, 0.00, 0.00, 0.00, 0.07, 1.30, 0.78, 0.11, 0.85, 0.00, 0.00, 0.00, 1.39, 0.00, 0.41, 0.00, 0.00, 0.00, 0.00, 0.00, 0.00, 0.00, 1.00, 0.00, 1.00, 0.00, 0.00, 0.00, 0.00, 0.00, 0.00, 0.00, 1.00
216,  0,  8.967,  0.98,  1,  -65.6,  -169.8,  1348.7,  0.318,  -0.354,  -0.010, 0.01, 0.00, 0.02, 0.00, 0.00, 0.00, 0.03, 1.24, 0.72, 0.29, 1.01, 0.00, 0.00, 0.00, 1.29, 0.00, 0.27, 0.00, 0.00, 0.00, 0.00, 0.00, 0.00, 0.00, 1.00, 0.00, 1.00, 0.00, 0.00, 0.00, 0.00, 0.00, 0.00, 0.00, 0.00
217,  0,  9.009,  0.93,  1,  -61.5,  -166.2,  1346.2,  0.348,  -0.359,  0.001, 0.01, 0.00, 0.02, 0.00, 0.00, 0.00, 0.01, 1.13, 0.65, 0.36, 0.97, 0.00, 0.00, 0.00, 1.14, 0.00, 0.27, 0.00, 0.00, 0.00, 0.00, 0.00, 0.00, 0.00, 1.00, 0.00, 1.00, 0.00, 0.00, 0.00, 0.00, 0.00, 0.00, 0.00, 0.00
218,  0,  9.051,  0.98,  1,  -58.0,  -163.2,  1339.6,  0.373,  -0.367,  0.008, 0.00, 0.00, 0.00, 0.00, 0.00, 0.04, 0.01, 0.96, 0.60, 0.50, 0.98, 0.00, 0.00, 0.00, 0.96, 0.00, 0.14, 0.00, 0.00, 0.00, 0.00, 0.00, 0.00, 0.00, 1.00, 0.00, 1.00, 0.00, 0.00, 0.00, 0.00, 0.00, 0.00, 0.00, 0.00
219,  0,  9.092,  0.93,  1,  -55.1,  -161.1,  1333.2,  0.383,  -0.377,  0.015, 0.00, 0.00, 0.04, 0.00, 0.00, 0.04, 0.00, 0.96, 0.57, 0.47, 0.94, 0.00, 0.00, 0.00, 0.78, 0.01, 0.14, 0.00, 0.00, 0.00, 0.00, 0.00, 0.00, 0.00, 1.00, 0.00, 1.00, 0.00, 0.00, 0.00, 0.00, 0.00, 0.00, 0.00, 0.00
220,  0,  9.134,  0.93,  1,  -52.6,  -160.4,  1330.5,  0.385,  -0.383,  0.019, 0.00, 0.00, 0.04, 0.00, 0.00, 0.04, 0.00, 0.96, 0.57, 0.48, 0.84, 0.00, 0.00, 0.00, 0.78, 0.10, 0.00, 0.00, 0.00, 0.00, 0.00, 0.00, 0.00, 0.00, 1.00, 0.00, 1.00, 0.00, 0.00, 0.00, 0.00, 0.00, 0.00, 0.00, 0.00
221,  0,  9.176,  0.98,  1,  -50.4,  -160.6,  1331.0,  0.391,  -0.387,  0.026, 0.00, 0.00, 0.09, 0.00, 0.00, 0.00, 0.00, 0.89, 0.55, 0.45, 0.73, 0.00, 0.00, 0.00, 0.76, 0.10, 0.00, 0.00, 0.00, 0.00, 0.00, 0.00, 0.00, 0.00, 1.00, 0.00, 1.00, 0.00, 0.00, 0.00, 0.00, 0.00, 0.00, 0.00, 0.00
222,  0,  9.218,  0.98,  1,  -47.0,  -161.0,  1329.1,  0.385,  -0.390,  0.031, 0.00, 0.00, 0.05, 0.00, 0.00, 0.00, 0.00, 0.84, 0.58, 0.39, 0.53, 0.00, 0.00, 0.00, 0.78, 0.13, 0.00, 0.00, 0.00, 0.00, 0.00, 0.00, 0.00, 0.00, 1.00, 0.00, 1.00, 0.00, 0.00, 0.00, 0.00, 0.00, 0.00, 0.00, 0.00
223,  0,  9.259,  0.93,  1,  -45.1,  -161.4,  1329.8,  0.385,  -0.387,  0.030, 0.00, 0.00, 0.05, 0.00, 0.01, 0.00, 0.00, 0.75, 0.60, 0.52, 0.47, 0.00, 0.00, 0.00, 0.78, 0.10, 0.00, 0.00, 0.00, 0.00, 0.00, 0.00, 0.00, 0.00, 1.00, 0.00, 1.00, 0.00, 0.00, 0.00, 0.00, 0.00, 0.00, 0.00, 0.00
224,  0,  9.301,  0.93,  1,  -43.9,  -161.3,  1326.9,  0.382,  -0.388,  0.029, 0.00, 0.00, 0.00, 0.00, 0.04, 0.00, 0.00, 0.79, 0.59, 0.56, 0.39, 0.00, 0.00, 0.00, 0.92, 0.22, 0.00, 0.00, 0.00, 0.00, 0.00, 0.00, 0.00, 0.00, 1.00, 0.00, 1.00, 0.00, 0.00, 0.00, 0.00, 0.00, 0.00, 0.00, 0.00
225,  0,  9.343,  0.98,  1,  -42.8,  -161.7,  1327.3,  0.381,  -0.381,  0.030, 0.00, 0.00, 0.00, 0.00, 0.09, 0.00, 0.00, 0.80, 0.58, 0.73, 0.49, 0.00, 0.00, 0.00, 1.03, 0.26, 0.00, 0.00, 0.00, 0.00, 0.00, 0.00, 0.00, 0.00, 1.00, 0.00, 1.00, 0.00, 0.00, 0.00, 0.00, 0.00, 0.00, 0.00, 0.00
226,  0,  9.384,  0.98,  1,  -42.0,  -161.7,  1328.3,  0.379,  -0.380,  0.035, 0.00, 0.00, 0.00, 0.00, 0.12, 0.00, 0.00, 0.83, 0.56, 0.71, 0.61, 0.00, 0.00, 0.00, 1.08, 0.27, 0.00, 0.00, 0.00, 0.00, 0.00, 0.00, 0.00, 0.00, 1.00, 0.00, 1.00, 0.00, 0.00, 0.00, 0.00, 0.00, 0.00, 0.00, 0.00
227,  0,  9.426,  0.98,  1,  -41.0,  -161.9,  1327.8,  0.378,  -0.380,  0.033, 0.00, 0.00, 0.00, 0.00, 0.12, 0.00, 0.00, 0.85, 0.61, 0.75, 0.63, 0.00, 0.00, 0.00, 1.01, 0.32, 0.00, 0.00, 0.00, 0.00, 0.00, 0.00, 0.00, 0.00, 1.00, 0.00, 1.00, 0.00, 0.00, 0.00, 0.00, 0.00, 0.00, 0.00, 0.00
228,  0,  9.468,  0.98,  1,  -40.0,  -163.3,  1331.1,  0.372,  -0.374,  0.033, 0.00, 0.00, 0.00, 0.00, 0.10, 0.00, 0.00, 0.85, 0.63, 0.70, 0.58, 0.00, 0.00, 0.00, 1.01, 0.41, 0.00, 0.00, 0.00, 0.00, 0.00, 0.00, 0.00, 0.00, 1.00, 0.00, 1.00, 0.00, 0.00, 0.00, 0.00, 0.00, 0.00, 0.00, 0.00
229,  0,  9.509,  0.98,  1,  -38.9,  -164.7,  1330.8,  0.353,  -0.376,  0.026, 0.00, 0.00, 0.00, 0.00, 0.08, 0.00, 0.00, 0.77, 0.63, 0.57, 0.49, 0.00, 0.00, 0.00, 1.11, 0.35, 0.00, 0.00, 0.00, 0.00, 0.00, 0.00, 0.00, 0.00, 1.00, 0.00, 1.00, 0.00, 0.00, 0.00, 0.00, 0.00, 0.00, 0.00, 0.00
230,  0,  9.551,  0.98,  1,  -36.9,  -166.8,  1329.1,  0.352,  -0.387,  0.025, 0.02, 0.00, 0.00, 0.00, 0.04, 0.00, 0.00, 0.84, 0.51, 0.33, 0.49, 0.00, 0.00, 0.00, 1.17, 0.17, 0.00, 0.00, 0.00, 0.00, 0.00, 0.00, 0.00, 0.00, 1.00, 0.00, 1.00, 0.00, 0.00, 0.00, 0.00, 0.00, 0.00, 0.00, 0.00
231,  0,  9.593,  0.93,  1,  -34.2,  -170.9,  1335.6,  0.311,  -0.410,  0.010, 0.02, 0.00, 0.00, 0.00, 0.02, 0.00, 0.03, 1.09, 0.42, 0.11, 0.48, 0.00, 0.00, 0.00, 1.29, 0.00, 0.00, 0.00, 0.00, 0.00, 0.00, 0.00, 0.00, 0.00, 1.00, 0.00, 0.00, 0.00, 0.00, 0.00, 0.00, 0.00, 0.00, 0.00, 0.00
232,  0,  9.635,  0.93,  1,  -30.2,  -173.4,  1328.1,  0.279,  -0.429,  -0.012, 0.15, 0.00, 0.00, 0.00, 0.00, 0.00, 0.03, 1.20, 0.36, 0.00, 0.60, 0.00, 0.00, 0.00, 1.22, 0.00, 0.00, 0.00, 1.00, 0.00, 0.00, 0.00, 0.00, 0.00, 1.00, 0.00, 0.00, 0.00, 0.00, 0.00, 0.00, 0.00, 0.00, 0.00, 0.00
233,  0,  9.676,  0.88,  1,  -25.9,  -176.5,  1327.3,  0.254,  -0.440,  -0.033, 0.49, 0.00, 0.00, 0.00, 0.00, 0.00, 0.03, 1.01, 0.37, 0.11, 0.58, 0.09, 0.00, 0.00, 1.25, 0.00, 0.16, 0.00, 1.00, 0.00, 0.00, 0.00, 0.00, 0.00, 1.00, 0.00, 0.00, 0.00, 0.00, 0.00, 0.00, 0.00, 0.00, 0.00, 0.00
234,  0,  9.718,  0.93,  1,  -22.0,  -177.8,  1316.2,  0.246,  -0.469,  -0.042, 1.07, 0.16, 0.00, 0.00, 0.00, 0.00, 0.00, 0.75, 0.38, 0.19, 0.69, 0.18, 0.00, 0.00, 1.07, 0.00, 0.43, 1.00, 1.00, 0.00, 0.00, 0.00, 0.00, 0.00, 0.00, 0.00, 0.00, 0.00, 0.00, 0.00, 0.00, 0.00, 0.00, 0.00, 0.00
235,  0,  9.760,  0.88,  1,  -17.8,  -180.5,  1315.1,  0.215,  -0.491,  -0.060, 1.50, 0.16, 0.00, 0.00, 0.00, 0.00, 0.00, 0.65, 0.35, 0.29, 0.69, 0.18, 0.00, 0.00, 1.00, 0.00, 0.87, 1.00, 1.00, 0.00, 0.00, 0.00, 0.00, 0.00, 0.00, 0.00, 0.00, 0.00, 0.00, 0.00, 0.00, 0.00, 0.00, 0.00, 0.00
236,  0,  9.801,  0.88,  1,  -13.4,  -182.5,  1313.6,  0.204,  -0.490,  -0.075, 1.76, 0.19, 0.00, 0.00, 0.00, 0.00, 0.00, 0.76, 0.33, 0.18, 0.74, 0.09, 0.00, 0.00, 0.98, 0.17, 1.15, 1.00, 1.00, 0.00, 0.00, 0.00, 0.00, 0.00, 0.00, 0.00, 0.00, 0.00, 0.00, 0.00, 0.00, 0.00, 0.00, 0.00, 0.00
237,  0,  9.843,  0.93,  1,  -8.8,  -183.7,  1311.7,  0.181,  -0.503,  -0.088, 1.74, 0.03, 0.00, 0.00, 0.00, 0.00, 0.00, 0.71, 0.32, 0.13, 0.63, 0.00, 0.00, 0.00, 1.18, 0.37, 1.28, 1.00, 1.00, 0.00, 0.00, 0.00, 0.00, 0.00, 0.00, 0.00, 0.00, 0.00, 0.00, 0.00, 0.00, 0.00, 0.00, 0.00, 0.00
238,  0,  9.885,  0.88,  1,  -4.3,  -184.9,  1312.4,  0.179,  -0.506,  -0.093, 1.77, 0.03, 0.00, 0.00, 0.00, 0.00, 0.00, 0.84, 0.36, 0.11, 0.56, 0.00, 0.00, 0.00, 1.17, 0.37, 1.23, 1.00, 1.00, 0.00, 0.00, 0.00, 0.00, 0.00, 1.00, 0.00, 0.00, 0.00, 0.00, 0.00, 0.00, 0.00, 0.00, 0.00, 0.00
239,  0,  9.927,  0.88,  1,  -0.5,  -187.6,  1319.3,  0.163,  -0.504,  -0.105, 1.62, 0.00, 0.00, 0.00, 0.00, 0.00, 0.00, 1.09, 0.45, 0.29, 0.55, 0.00, 0.00, 0.00, 1.01, 0.21, 1.19, 1.00, 1.00, 0.00, 0.00, 0.00, 0.00, 0.00, 1.00, 0.00, 0.00, 0.00, 0.00, 0.00, 0.00, 0.00, 0.00, 0.00, 0.00
240,  0,  9.968,  0.88,  1,  3.1,  -190.7,  1328.0,  0.146,  -0.496,  -0.121, 1.58, 0.00, 0.00, 0.00, 0.00, 0.00, 0.00, 1.34, 0.48, 0.41, 0.55, 0.00, 0.00, 0.00, 0.84, 0.00, 1.25, 1.00, 1.00, 0.00, 0.00, 0.00, 0.00, 0.00, 1.00, 0.00, 0.00, 0.00, 0.00, 0.00, 0.00, 0.00, 0.00, 0.00, 0.00
241,  0,  10.010,  0.88,  1,  5.9,  -192.8,  1330.1,  0.139,  -0.489,  -0.126, 1.48, 0.00, 0.00, 0.00, 0.00, 0.00, 0.00, 1.46, 0.49, 0.48, 0.42, 0.00, 0.00, 0.00, 0.99, 0.00, 1.24, 1.00, 1.00, 0.00, 0.00, 0.00, 0.00, 0.00, 1.00, 0.00, 0.00, 0.00, 0.00, 0.00, 0.00, 0.00, 0.00, 0.00, 0.00
242,  0,  10.052,  0.88,  1,  7.3,  -193.6,  1331.4,  0.145,  -0.471,  -0.124, 1.57, 0.05, 0.00, 0.00, 0.00, 0.00, 0.00, 1.26, 0.45, 0.30, 0.35, 0.00, 0.00, 0.00, 1.43, 0.00, 1.20, 1.00, 1.00, 0.00, 0.00, 0.00, 0.00, 0.00, 1.00, 0.00, 0.00, 0.00, 0.00, 0.00, 0.00, 0.00, 0.00, 0.00, 0.00
243,  0,  10.093,  0.88,  1,  5.1,  -192.7,  1327.9,  0.174,  -0.431,  -0.104, 1.70, 0.39, 0.00, 0.04, 0.00, 0.00, 0.00, 1.24, 0.48, 0.15, 0.43, 0.00, 0.00, 0.00, 1.58, 0.01, 1.26, 1.00, 1.00, 0.00, 0.00, 0.00, 0.00, 0.00, 1.00, 0.00, 0.00, 0.00, 0.00, 0.00, 0.00, 0.00, 0.00, 0.00, 0.00
244,  0,  10.135,  0.88,  1,  -1.2,  -194.3,  1342.9,  0.200,  -0.335,  -0.095, 1.70, 0.77, 0.00, 0.26, 0.00, 0.00, 0.00, 0.77, 0.38, 0.00, 0.45, 0.06, 0.00, 0.00, 1.27, 0.01, 1.47, 1.00, 1.00, 0.00, 1.00, 0.00, 0.00, 0.00, 1.00, 0.00, 0.00, 0.00, 0.00, 0.00, 0.00, 0.00, 0.00, 0.00, 1.00
245,  0,  10.177,  0.98,  1,  -24.2,  -192.8,  1346.7,  0.077,  -0.026,  -0.000, 1.45, 0.96, 0.00, 0.43, 0.00, 0.00, 0.00, 0.44, 0.23, 0.00, 0.32, 0.14, 0.04, 0.00, 0.79, 0.01, 1.85, 1.00, 1.00, 0.00, 1.00, 0.00, 0.00, 0.00, 0.00, 0.00, 0.00, 0.00, 0.00, 0.00, 0.00, 0.00, 0.00, 0.00, 1.00
246,  0,  10.219,  0.98,  1,  -32.0,  -187.3,  1316.6,  0.091,  0.107,  0.007, 1.21, 1.16, 0.00, 0.47, 0.00, 0.00, 0.00, 0.00, 0.07, 0.00, 0.10, 0.32, 0.04, 0.00, 0.30, 0.00, 1.92, 1.00, 1.00, 0.00, 1.00, 0.00, 0.00, 0.00, 0.00, 0.00, 0.00, 0.00, 0.00, 0.00, 0.00, 0.00, 0.00, 0.00, 1.00
247,  0,  10.260,  0.93,  1,  -39.6,  -184.3,  1289.7,  0.091,  0.238,  0.016, 1.24, 1.27, 0.00, 0.49, 0.00, 0.00, 0.00, 0.00, 0.09, 0.00, 0.23, 0.72, 0.04, 0.00, 0.17, 0.00, 1.94, 1.00, 1.00, 0.00, 1.00, 0.00, 0.00, 0.00, 0.00, 0.00, 1.00, 0.00, 0.00, 0.00, 0.00, 0.00, 0.00, 0.00, 1.00
248,  0,  10.302,  0.93,  1,  -45.3,  -185.3,  1289.5,  0.108,  0.306,  0.041, 1.41, 1.42, 0.00, 0.53, 0.00, 0.00, 0.00, 0.22, 0.28, 0.07, 0.42, 1.25, 0.00, 0.00, 0.00, 0.21, 1.79, 1.00, 1.00, 0.00, 1.00, 0.00, 0.00, 0.00, 0.00, 0.00, 1.00, 0.00, 1.00, 0.00, 0.00, 0.00, 0.00, 0.00, 1.00
249,  0,  10.344,  0.88,  1,  -48.1,  -186.3,  1299.3,  0.123,  0.396,  0.053, 1.47, 1.13, 0.12, 0.48, 0.00, 0.00, 0.00, 0.56, 0.49, 0.13, 0.44, 1.73, 0.00, 0.00, 0.00, 0.59, 1.55, 1.00, 1.00, 0.00, 0.00, 0.00, 0.00, 0.00, 0.00, 0.00, 1.00, 0.00, 1.00, 0.00, 0.00, 0.00, 0.00, 0.00, 1.00
250,  0,  10.385,  0.88,  1,  -49.7,  -186.2,  1306.0,  0.145,  0.449,  0.061, 1.19, 0.72, 0.29, 0.26, 0.00, 0.00, 0.00, 0.94, 0.61, 0.13, 0.21, 1.86, 0.00, 0.00, 0.00, 0.95, 1.40, 1.00, 0.00, 1.00, 0.00, 0.00, 0.00, 0.00, 0.00, 0.00, 1.00, 0.00, 1.00, 0.00, 0.00, 0.00, 0.00, 0.00, 1.00
251,  0,  10.427,  0.88,  1,  -49.6,  -184.2,  1309.9,  0.180,  0.447,  0.062, 0.87, 0.39, 0.40, 0.05, 0.00, 0.00, 0.00, 1.12, 0.60, 0.06, 0.02, 1.81, 0.00, 0.00, 0.00, 1.40, 1.04, 0.00, 0.00, 1.00, 0.00, 0.00, 0.00, 0.00, 0.00, 0.00, 1.00, 0.00, 1.00, 0.00, 0.00, 0.00, 0.00, 0.00, 1.00
252,  0,  10.469,  0.93,  1,  -49.2,  -179.8,  1309.4,  0.208,  0.444,  0.055, 0.47, 0.16, 0.43, 0.03, 0.00, 0.00, 0.00, 1.24, 0.54, 0.05, 0.11, 1.91, 0.01, 0.18, 0.00, 1.43, 0.75, 0.00, 0.00, 1.00, 0.00, 0.00, 0.00, 0.00, 0.00, 0.00, 1.00, 0.00, 1.00, 0.00, 0.00, 0.00, 0.00, 0.00, 1.00
253,  0,  10.511,  0.93,  1,  -49.1,  -176.0,  1307.4,  0.240,  0.444,  0.043, 0.22, 0.09, 0.40, 0.00, 0.00, 0.00, 0.00, 1.31, 0.44, 0.17, 0.11, 2.14, 0.11, 0.42, 0.00, 1.25, 0.48, 0.00, 0.00, 1.00, 0.00, 0.00, 0.00, 0.00, 0.00, 0.00, 1.00, 0.00, 1.00, 0.00, 0.00, 0.00, 0.00, 0.00, 1.00
254,  0,  10.552,  0.98,  1,  -49.4,  -174.7,  1317.8,  0.245,  0.440,  0.042, 0.07, 0.03, 0.46, 0.00, 0.00, 0.00, 0.00, 1.37, 0.44, 0.28, 0.18, 2.39, 0.24, 0.63, 0.00, 0.81, 0.28, 0.00, 0.00, 1.00, 0.00, 0.00, 0.00, 0.00, 0.00, 0.00, 1.00, 0.00, 1.00, 0.00, 0.00, 0.00, 0.00, 0.00, 1.00
255,  0,  10.594,  0.98,  1,  -48.7,  -170.4,  1308.6,  0.276,  0.442,  0.025, 0.00, 0.00, 0.58, 0.00, 0.00, 0.00, 0.00, 1.39, 0.47, 0.24, 0.16, 2.39, 0.26, 0.56, 0.00, 0.52, 0.22, 0.00, 0.00, 1.00, 0.00, 0.00, 0.00, 0.00, 0.00, 0.00, 1.00, 0.00, 1.00, 1.00, 0.00, 0.00, 0.00, 0.00, 1.00
256,  0,  10.636,  0.93,  1,  -48.4,  -165.9,  1299.5,  0.310,  0.446,  0.007, 0.00, 0.00, 0.67, 0.00, 0.00, 0.12, 0.00, 1.40, 0.52, 0.12, 0.16, 2.43, 0.15, 0.53, 0.00, 0.67, 0.02, 0.00, 0.00, 1.00, 0.00, 0.00, 0.00, 0.00, 0.00, 0.00, 1.00, 0.00, 1.00, 0.00, 0.00, 0.00, 0.00, 0.00, 1.00
257,  0,  10.677,  0.93,  1,  -48.0,  -163.6,  1301.8,  0.312,  0.435,  0.004, 0.00, 0.00, 0.67, 0.00, 0.00, 0.35, 0.00, 1.40, 0.53, 0.00, 0.00, 2.60, 0.00, 0.65, 0.00, 0.99, 0.00, 0.00, 0.00, 1.00, 0.00, 0.00, 0.00, 0.00, 0.00, 0.00, 0.00, 0.00, 1.00, 0.00, 0.00, 0.00, 0.00, 0.00, 0.00
